===== time =====
Sat Sep  5 00:23:29 CST 2026

===== reason =====
network-change

===== settings =====
tproxy_port="9898"
redir_port="9797"
ipv6="false"
xclash_option="mihomo"
bin_name="clash"
network_mode="tun"

===== process =====
10291
10291
===== interfaces =====
1: lo: <LOOPBACK,UP,LOWER_UP> mtu 65536 qdisc noqueue state UNKNOWN group default qlen 1000
    link/loopback 00:00:00:00:00:00 brd 00:00:00:00:00:00
    inet 127.0.0.1/8 scope host lo
       valid_lft forever preferred_lft forever
2: dummy0: <BROADCAST,NOARP,UP,LOWER_UP> mtu 1500 qdisc noqueue state UNKNOWN group default qlen 1000
    link/ether c6:8a:75:84:4e:49 brd ff:ff:ff:ff:ff:ff
3: ifb0: <BROADCAST,NOARP> mtu 1500 qdisc noop state DOWN group default qlen 32
    link/ether 3e:04:7e:ce:0f:b6 brd ff:ff:ff:ff:ff:ff
4: ifb1: <BROADCAST,NOARP> mtu 1500 qdisc noop state DOWN group default qlen 32
    link/ether 46:d1:cd:eb:2f:a3 brd ff:ff:ff:ff:ff:ff
5: tunl0@NONE: <NOARP> mtu 1480 qdisc noop state DOWN group default qlen 1000
    link/ipip 0.0.0.0 brd 0.0.0.0
6: gre0@NONE: <NOARP> mtu 1476 qdisc noop state DOWN group default qlen 1000
    link/gre 0.0.0.0 brd 0.0.0.0
7: gretap0@NONE: <BROADCAST,MULTICAST> mtu 1462 qdisc noop state DOWN group default qlen 1000
    link/ether 00:00:00:00:00:00 brd ff:ff:ff:ff:ff:ff
8: erspan0@NONE: <BROADCAST,MULTICAST> mtu 1450 qdisc noop state DOWN group default qlen 1000
    link/ether 00:00:00:00:00:00 brd ff:ff:ff:ff:ff:ff
9: ip_vti0@NONE: <NOARP> mtu 1480 qdisc noop state DOWN group default qlen 1000
    link/ipip 0.0.0.0 brd 0.0.0.0
10: ip6_vti0@NONE: <NOARP> mtu 1364 qdisc noop state DOWN group default qlen 1000
    link/tunnel6 :: brd ::
11: sit0@NONE: <NOARP> mtu 1480 qdisc noop state DOWN group default qlen 1000
    link/sit 0.0.0.0 brd 0.0.0.0
12: ip6tnl0@NONE: <NOARP> mtu 1452 qdisc noop state DOWN group default qlen 1000
    link/tunnel6 :: brd ::
13: ip6gre0@NONE: <NOARP> mtu 1448 qdisc noop state DOWN group default qlen 1000
    link/gre6 00:00:00:00:00:00:00:00:00:00:00:00:00:00:00:00 brd 00:00:00:00:00:00:00:00:00:00:00:00:00:00:00:00
14: miw_oem0: <NOARP> mtu 1500 qdisc noop state DOWN group default qlen 1000
    link/ether 7e:e9:f1:4f:04:b0 brd ff:ff:ff:ff:ff:ff
15: rmnet_ipa0: <UP,LOWER_UP> mtu 9216 qdisc pfifo_fast state UNKNOWN group default qlen 1000
    link/[519] 
17: rmnet_data0@rmnet_ipa0: <UP,LOWER_UP> mtu 9216 qdisc mq state UNKNOWN group default qlen 1000
    link/[519] 
18: rmnet_data1@rmnet_ipa0: <UP,LOWER_UP> mtu 1400 qdisc mq state UNKNOWN group default qlen 1000
    link/[519] 
19: rmnet_data2@rmnet_ipa0: <UP,LOWER_UP> mtu 1500 qdisc mq state UNKNOWN group default qlen 1000
    link/[519] 
20: rmnet_data3@rmnet_ipa0: <> mtu 1400 qdisc mq state DOWN group default qlen 1000
    link/[519] 
21: rmnet_data4@rmnet_ipa0: <> mtu 1500 qdisc mq state DOWN group default qlen 1000
    link/[519] 
22: rmnet_data5@rmnet_ipa0: <UP,LOWER_UP> mtu 1400 qdisc mq state UNKNOWN group default qlen 1000
    link/[519] 
    inet 10.5.153.96/26 scope global rmnet_data5
       valid_lft forever preferred_lft forever
    inet6 2408:844b:1c21:536f:9c59:1fff:fe85:914d/64 scope global dynamic mngtmpaddr 
       valid_lft forever preferred_lft forever
    inet6 fe80::9c59:1fff:fe85:914d/64 scope link 
       valid_lft forever preferred_lft forever
23: r_rmnet_data0@rmnet_ipa0: <> mtu 1500 qdisc noop state DOWN group default qlen 1000
    link/[519] 
24: r_rmnet_data1@rmnet_ipa0: <> mtu 1500 qdisc noop state DOWN group default qlen 1000
    link/[519] 
25: r_rmnet_data2@rmnet_ipa0: <> mtu 1500 qdisc noop state DOWN group default qlen 1000
    link/[519] 
26: r_rmnet_data3@rmnet_ipa0: <> mtu 1500 qdisc noop state DOWN group default qlen 1000
    link/[519] 
27: wlan0: <NO-CARRIER,BROADCAST,MULTICAST,UP> mtu 1500 qdisc mq state DOWN group default qlen 3000
    link/ether 3c:13:5a:b8:f9:f6 brd ff:ff:ff:ff:ff:ff
28: p2p0: <BROADCAST,MULTICAST> mtu 1500 qdisc noop state DOWN group default qlen 3000
    link/ether 3e:13:5a:3b:f9:f6 brd ff:ff:ff:ff:ff:ff
29: wifi-aware0: <BROADCAST,MULTICAST> mtu 1500 qdisc noop state DOWN group default qlen 3000
    link/ether 3e:13:5a:3c:f9:f6 brd ff:ff:ff:ff:ff:ff
30: meta: <POINTOPOINT,MULTICAST,NOARP,UP,LOWER_UP> mtu 9000 qdisc pfifo_fast state UNKNOWN group default qlen 500
    link/none 
    inet 198.18.0.1/30 brd 198.18.0.3 scope global meta
       valid_lft forever preferred_lft forever
31: rmnet_data6@rmnet_ipa0: <> mtu 1500 qdisc noop state DOWN group default qlen 1000
    link/[519] 

===== routes =====
224.0.0.0/24 dev rmnet_data0 table rmnet_data0_local proto static scope link 
10.5.153.64/26 dev rmnet_data5 table rmnet_data5_local proto static scope link 
224.0.0.0/24 dev rmnet_data5 table rmnet_data5_local proto static scope link 
default dev meta table 2022 
default dev dummy0 table dummy0 proto static scope link 
default via 10.5.153.97 dev rmnet_data5 table rmnet_data5 proto static mtu 1400 
10.5.153.64/26 dev rmnet_data5 table rmnet_data5 proto static scope link 
10.5.153.64/26 dev rmnet_data5 proto kernel scope link src 10.5.153.96 
198.18.0.0/30 dev meta proto kernel scope link src 198.18.0.1 
broadcast 10.5.153.64 dev rmnet_data5 table local proto kernel scope link src 10.5.153.96 
local 10.5.153.96 dev rmnet_data5 table local proto kernel scope host src 10.5.153.96 
broadcast 10.5.153.127 dev rmnet_data5 table local proto kernel scope link src 10.5.153.96 
broadcast 127.0.0.0 dev lo table local proto kernel scope link src 127.0.0.1 
local 127.0.0.0/8 dev lo table local proto kernel scope host src 127.0.0.1 
local 127.0.0.1 dev lo table local proto kernel scope host src 127.0.0.1 
broadcast 127.255.255.255 dev lo table local proto kernel scope link src 127.0.0.1 
broadcast 198.18.0.0 dev meta table local proto kernel scope link src 198.18.0.1 
local 198.18.0.1 dev meta table local proto kernel scope host src 198.18.0.1 
broadcast 198.18.0.3 dev meta table local proto kernel scope link src 198.18.0.1 

===== rules =====
0:	from all lookup local 
9000:	from all uidrange 1000-1000 goto 9010
9000:	from all uidrange 10216-10216 goto 9010
9000:	from all uidrange 10231-10231 goto 9010
9000:	from all uidrange 10303-10303 goto 9010
9000:	from all uidrange 10314-10314 goto 9010
9000:	from all uidrange 10320-10320 goto 9010
9000:	from all uidrange 10323-10325 goto 9010
9000:	from all uidrange 10328-10329 goto 9010
9000:	from all uidrange 10331-10331 goto 9010
9000:	from all uidrange 10333-10334 goto 9010
9000:	from all uidrange 10339-10342 goto 9010
9000:	from all uidrange 10352-10353 goto 9010
9000:	from all uidrange 10355-10358 goto 9010
9000:	from all uidrange 10360-10361 goto 9010
9000:	from all uidrange 10371-10373 goto 9010
9000:	from all uidrange 10375-10375 goto 9010
9000:	from all uidrange 10377-10377 goto 9010
9000:	from all uidrange 10383-10383 goto 9010
9000:	from all uidrange 10388-10388 goto 9010
9000:	from all uidrange 10392-10392 goto 9010
9000:	from all uidrange 100000-999999 goto 9010
9000:	from all uidrange 1001000-1001000 goto 9010
9000:	from all uidrange 1010216-1010216 goto 9010
9000:	from all uidrange 1010231-1010231 goto 9010
9000:	from all uidrange 1010303-1010303 goto 9010
9000:	from all uidrange 1010314-1010314 goto 9010
9000:	from all uidrange 1010320-1010320 goto 9010
9000:	from all uidrange 1010323-1010325 goto 9010
9000:	from all uidrange 1010328-1010329 goto 9010
9000:	from all uidrange 1010331-1010331 goto 9010
9000:	from all uidrange 1010333-1010334 goto 9010
9000:	from all uidrange 1010339-1010342 goto 9010
9000:	from all uidrange 1010352-1010353 goto 9010
9000:	from all uidrange 1010355-1010358 goto 9010
9000:	from all uidrange 1010360-1010361 goto 9010
9000:	from all uidrange 1010371-1010373 goto 9010
9000:	from all uidrange 1010375-1010375 goto 9010
9000:	from all uidrange 1010377-1010377 goto 9010
9000:	from all uidrange 1010383-1010383 goto 9010
9000:	from all uidrange 1010388-1010388 goto 9010
9000:	from all uidrange 1010392-1010392 goto 9010
9000:	from all uidrange 1100000-99899999 goto 9010
9000:	from all uidrange 99901000-99901000 goto 9010
9000:	from all uidrange 99910216-99910216 goto 9010
9000:	from all uidrange 99910231-99910231 goto 9010
9000:	from all uidrange 99910303-99910303 goto 9010
9000:	from all uidrange 99910314-99910314 goto 9010
9000:	from all uidrange 99910320-99910320 goto 9010
9000:	from all uidrange 99910323-99910325 goto 9010
9000:	from all uidrange 99910328-99910329 goto 9010
9000:	from all uidrange 99910331-99910331 goto 9010
9000:	from all uidrange 99910333-99910334 goto 9010
9000:	from all uidrange 99910339-99910342 goto 9010
9000:	from all uidrange 99910352-99910353 goto 9010
9000:	from all uidrange 99910355-99910358 goto 9010
9000:	from all uidrange 99910360-99910361 goto 9010
9000:	from all uidrange 99910371-99910373 goto 9010
9000:	from all uidrange 99910375-99910375 goto 9010
9000:	from all uidrange 99910377-99910377 goto 9010
9000:	from all uidrange 99910383-99910383 goto 9010
9000:	from all uidrange 99910388-99910388 goto 9010
9000:	from all uidrange 99910392-99910392 goto 9010
9000:	from all uidrange 100000000-4294967294 goto 9010
9001:	from all iif meta goto 9010
9002:	not from all iif lo lookup 2022 
9002:	from 0.0.0.0 iif lo lookup 2022 
9002:	from 198.18.0.0/30 iif lo lookup 2022 
9010:	from all nop
10000:	from all fwmark 0xc0000/0xd0000 lookup legacy_system 
11000:	from all iif lo oif dummy0 uidrange 0-0 lookup dummy0 
11000:	from all iif lo oif rmnet_data0 uidrange 0-0 lookup rmnet_data0 
11000:	from all iif lo oif rmnet_data5 uidrange 0-0 lookup rmnet_data5 
14999:	from all fwmark 0x4000000/0xce00000 lookup 60 
14999:	from all fwmark 0x8000000/0xce00000 lookup 60 
15040:	from all fwmark 0x100c7/0x1ffff iif lo uidrange 10159-10159 lookup rmnet_data5 
15040:	from all fwmark 0x100c7/0x1ffff iif lo uidrange 10184-10184 lookup rmnet_data5 
16000:	from all fwmark 0x10063/0x1ffff iif lo lookup local_network 
16000:	from all fwmark 0x10062/0x1ffff iif lo lookup local_network 
16000:	from all fwmark 0x12328/0x1ffff iif lo lookup local_network 
16000:	from all fwmark 0x12329/0x1ffff iif lo lookup local_network 
16000:	from all fwmark 0xd0001/0xdffff iif lo lookup rmnet_data0 
16000:	from all fwmark 0x100c7/0x1ffff iif lo lookup rmnet_data5 
17000:	from all iif lo oif dummy0 lookup dummy0 
17000:	from all fwmark 0xc0000/0xc0000 iif lo oif rmnet_data0 lookup rmnet_data0 
17000:	from all iif lo oif rmnet_data5 lookup rmnet_data5 
18000:	from all fwmark 0x0/0x10000 lookup legacy_system 
19000:	from all fwmark 0x0/0x10000 lookup legacy_network 
20000:	from all fwmark 0x0/0x10000 lookup local_network 
20000:	from all fwmark 0x0/0x10000 lookup local_network 
20000:	from all fwmark 0x0/0x10000 lookup local_network 
20000:	from all fwmark 0x0/0x10000 lookup local_network 
22040:	from all fwmark 0xc7/0x1ffff iif lo uidrange 10159-10159 lookup rmnet_data5 
22040:	from all fwmark 0xc7/0x1ffff iif lo uidrange 10184-10184 lookup rmnet_data5 
23000:	from all fwmark 0xc7/0x1ffff iif lo lookup rmnet_data5 
25000:	from all fwmark 0x0/0x10000 iif lo uidrange 10159-10159 lookup rmnet_data5_local 
25000:	from all fwmark 0x0/0x10000 iif lo uidrange 10184-10184 lookup rmnet_data5_local 
29040:	from all fwmark 0x0/0xffff iif lo uidrange 10159-10159 lookup rmnet_data5 
29040:	from all fwmark 0x0/0xffff iif lo uidrange 10184-10184 lookup rmnet_data5 
31000:	from all fwmark 0x0/0xffff iif lo lookup rmnet_data5 
32000:	from all unreachable

===== dns properties =====
[persist.device_config.aconfig_flags.netd_native.dns_event_subsample_map]: [default:6 0:400 2:110 4:110 7:110]
[persist.device_config.netd_native.dns_event_subsample_map]: [default:6 0:400 2:110 4:110 7:110]

===== connectivity =====
NetworkProviders for:
  1: EthernetNetworkFactory
  14: RestrictedWifiNetworkFactory
  9: SatelliteNetworkFactory[1]
  16: MultiInternetWifiNetworkFactory
  7: TelephonyNetworkFactory[1]
  3: VcnNetworkProvider
  5: PhoneSwitcherNetworkRequstListener
  15: OemPaidWifiNetworkFactory
  12: WifiNetworkFactory
  8: SatelliteNetworkFactory[0]
  2: L2capNetworkProvider
  4: VpnNetworkProvider:0
  6: TelephonyNetworkFactory[0]
  10: MiSatelliteNetworkFactory[0]
  13: UntrustedWifiNetworkFactory
  11: MiSatelliteNetworkFactory[1]

Active default network: 199

Current network preferences: 
  Default requests:
    Request: [uid/pid:1000/2793] - Satisfier: [199] Preference order: 40 Tracked UIDs: {10159-10159}
    Request: [uid/pid:1000/2793] - Satisfier: [199] Preference order: 40 Tracked UIDs: {10184-10184}

Current Networks:
  NetworkAgentInfo{network{199}  handle{858104188941}  ni{MOBILE[NR] CONNECTED extra: 3gnet} created=2026-09-04T15:32:57.049Z Score(Policies : TRANSPORT_PRIMARY&EVER_EVALUATED&EVER_VALIDATED&IS_VALIDATED ; KeepConnected : 0)  created 13480707 firstValidated 13485748 lastValidated 13485748  lp{{InterfaceName: rmnet_data5 LinkAddresses: [ 10.5.153.96/26,2408:844b:1c21:536f:9c59:1fff:fe85:914d/64 ] DnsAddresses: [ /58.22.96.66,/218.104.128.106,/2408:8899::8,/2408:8888::8 ] Domains: null MTU: 1400 TcpBufferSizes: 2097152,6291456,16777216,512000,2097152,8388608 Routes: [ 0.0.0.0/0 -> 10.5.153.97 rmnet_data5 mtu 1400,::/0 -> fe80::7d0f:8b57:6e79:9007 rmnet_data5 mtu 1400,10.5.153.64/26 -> 0.0.0.0 rmnet_data5 mtu 0,2408:844b:1c21:536f::/64 -> :: rmnet_data5 mtu 0 ]}}  nc{[ Transports: CELLULAR Capabilities: SUPL&XCAP&INTERNET&NOT_RESTRICTED&TRUSTED&NOT_VPN&VALIDATED&NOT_ROAMING&FOREGROUND&NOT_CONGESTED&NOT_SUSPENDED&NOT_VCN_MANAGED&NOT_BANDWIDTH_CONSTRAINED LinkUpBandwidth>=4120Kbps LinkDnBandwidth>=4120Kbps Specifier: <TelephonyNetworkSpecifier [mSubId = 2]> SubscriptionIds: {2} UnderlyingNetworks: Null]}  factorySerialNumber=7}
    Nat464Xlat:
      <not started>
    Requests: REQUEST:135 LISTEN:96 BACKGROUND_REQUEST:1 total:232
      NetworkRequest [ REQUEST id=1, [ Capabilities: INTERNET&NOT_RESTRICTED&TRUSTED&NOT_VPN&NOT_VCN_MANAGED&NOT_BANDWIDTH_CONSTRAINED RequestorUid: 1000 RequestorPkg: android UnderlyingNetworks: Null] ]
      NetworkRequest [ BACKGROUND_REQUEST id=2, [ Transports: CELLULAR Capabilities: INTERNET&NOT_RESTRICTED&TRUSTED&NOT_VPN&NOT_VCN_MANAGED&NOT_BANDWIDTH_CONSTRAINED RequestorUid: 1000 RequestorPkg: android UnderlyingNetworks: Null] ]
      NetworkRequest [ LISTEN id=5, [ Capabilities: FOREGROUND Forbidden: LOCAL_NETWORK RequestorUid: 1000 RequestorPkg: android UnderlyingNetworks: Null] ]
      NetworkRequest [ TRACK_DEFAULT id=6, [ Capabilities: INTERNET&NOT_RESTRICTED&TRUSTED&NOT_VCN_MANAGED&NOT_BANDWIDTH_CONSTRAINED Uid: 1000 RequestorUid: 1000 RequestorPkg: android UnderlyingNetworks: Null] ]
      NetworkRequest [ LISTEN id=8, [ Capabilities: NOT_RESTRICTED&TRUSTED&NOT_VPN&FOREGROUND&NOT_VCN_MANAGED&NOT_BANDWIDTH_CONSTRAINED Forbidden: LOCAL_NETWORK Uid: 1000 RequestorUid: 1000 RequestorPkg: android UnderlyingNetworks: Null] ]
      NetworkRequest [ LISTEN id=9, [ Capabilities: FOREGROUND Forbidden: LOCAL_NETWORK RequestorUid: 1000 RequestorPkg: android UnderlyingNetworks: Null] ]
      NetworkRequest [ TRACK_DEFAULT id=10, [ Capabilities: INTERNET&NOT_RESTRICTED&TRUSTED&NOT_VCN_MANAGED&NOT_BANDWIDTH_CONSTRAINED Uid: 1000 RequestorUid: 1000 RequestorPkg: android UnderlyingNetworks: Null] ]
      NetworkRequest [ TRACK_DEFAULT id=13, [ Capabilities: INTERNET&NOT_RESTRICTED&TRUSTED&NOT_VCN_MANAGED&NOT_BANDWIDTH_CONSTRAINED Uid: 1000 RequestorUid: 1000 RequestorPkg: android UnderlyingNetworks: Null] ]
      NetworkRequest [ TRACK_DEFAULT id=15, [ Capabilities: INTERNET&NOT_RESTRICTED&TRUSTED&NOT_VCN_MANAGED&NOT_BANDWIDTH_CONSTRAINED Uid: 1000 RequestorUid: 1000 RequestorPkg: android UnderlyingNetworks: Null] ]
      NetworkRequest [ LISTEN id=19, [ Capabilities: NOT_RESTRICTED&TRUSTED&NOT_VPN&FOREGROUND&NOT_VCN_MANAGED&NOT_BANDWIDTH_CONSTRAINED Forbidden: LOCAL_NETWORK Uid: 1000 RequestorUid: 1000 RequestorPkg: android UnderlyingNetworks: Null] ]
      NetworkRequest [ TRACK_DEFAULT id=20, [ Capabilities: INTERNET&NOT_RESTRICTED&TRUSTED&NOT_VCN_MANAGED&NOT_BANDWIDTH_CONSTRAINED Uid: 1000 RequestorUid: 1000 RequestorPkg: android UnderlyingNetworks: Null] ]
      NetworkRequest [ LISTEN id=23, [ Capabilities: NOT_RESTRICTED&TRUSTED&NOT_VPN&FOREGROUND&NOT_VCN_MANAGED&NOT_BANDWIDTH_CONSTRAINED Forbidden: LOCAL_NETWORK Uid: 1000 RequestorUid: 1000 RequestorPkg: android UnderlyingNetworks: Null] ]
      NetworkRequest [ TRACK_DEFAULT id=24, [ Capabilities: INTERNET&NOT_RESTRICTED&TRUSTED&NOT_VPN&NOT_VCN_MANAGED&NOT_BANDWIDTH_CONSTRAINED Uid: 10159 RequestorUid: 1000 RequestorPkg: android UnderlyingNetworks: Null] ]
      NetworkRequest [ TRACK_DEFAULT id=26, [ Capabilities: INTERNET&NOT_RESTRICTED&TRUSTED&NOT_VPN&NOT_VCN_MANAGED&NOT_BANDWIDTH_CONSTRAINED Uid: 10184 RequestorUid: 1000 RequestorPkg: android UnderlyingNetworks: Null] ]
      NetworkRequest [ LISTEN id=29, [ Forbidden: LOCAL_NETWORK RequestorUid: 1000 RequestorPkg: android UnderlyingNetworks: Null] ]
      NetworkRequest [ LISTEN id=30, [ Transports: CELLULAR Capabilities: INTERNET&NOT_RESTRICTED&TRUSTED&NOT_VPN&NOT_VCN_MANAGED&NOT_BANDWIDTH_CONSTRAINED Forbidden: LOCAL_NETWORK Uid: 1000 RequestorUid: 1000 RequestorPkg: android UnderlyingNetworks: Null] ]
      NetworkRequest [ REQUEST id=32, [ Capabilities: INTERNET&NOT_RESTRICTED&TRUSTED&NOT_VCN_MANAGED&NOT_BANDWIDTH_CONSTRAINED Uid: 1000 RequestorUid: 1000 RequestorPkg: android UnderlyingNetworks: Null] ]
      NetworkRequest [ REQUEST id=34, [ Capabilities: INTERNET&NOT_RESTRICTED&TRUSTED&NOT_VCN_MANAGED&NOT_BANDWIDTH_CONSTRAINED Uid: 10363 RequestorUid: 1000 RequestorPkg: android UnderlyingNetworks: Null] ]
      NetworkRequest [ REQUEST id=36, [ Capabilities: INTERNET&NOT_RESTRICTED&TRUSTED&NOT_VCN_MANAGED&NOT_BANDWIDTH_CONSTRAINED Uid: 10245 RequestorUid: 1000 RequestorPkg: android UnderlyingNetworks: Null] ]
      NetworkRequest [ REQUEST id=38, [ Capabilities: INTERNET&NOT_RESTRICTED&TRUSTED&NOT_VCN_MANAGED&NOT_BANDWIDTH_CONSTRAINED Uid: 10240 RequestorUid: 1000 RequestorPkg: android UnderlyingNetworks: Null] ]
      NetworkRequest [ REQUEST id=40, [ Capabilities: INTERNET&NOT_RESTRICTED&TRUSTED&NOT_VCN_MANAGED&NOT_BANDWIDTH_CONSTRAINED Uid: 10239 RequestorUid: 1000 RequestorPkg: android UnderlyingNetworks: Null] ]
      NetworkRequest [ REQUEST id=42, [ Capabilities: INTERNET&NOT_RESTRICTED&TRUSTED&NOT_VCN_MANAGED&NOT_BANDWIDTH_CONSTRAINED Uid: 10228 RequestorUid: 1000 RequestorPkg: android UnderlyingNetworks: Null] ]
      NetworkRequest [ REQUEST id=44, [ Capabilities: INTERNET&NOT_RESTRICTED&TRUSTED&NOT_VCN_MANAGED&NOT_BANDWIDTH_CONSTRAINED Uid: 10206 RequestorUid: 1000 RequestorPkg: android UnderlyingNetworks: Null] ]
      NetworkRequest [ REQUEST id=46, [ Capabilities: INTERNET&NOT_RESTRICTED&TRUSTED&NOT_VCN_MANAGED&NOT_BANDWIDTH_CONSTRAINED Uid: 10204 RequestorUid: 1000 RequestorPkg: android UnderlyingNetworks: Null] ]
      NetworkRequest [ LISTEN id=47, [ Capabilities: INTERNET&NOT_RESTRICTED&TRUSTED&VALIDATED&NOT_VCN_MANAGED&NOT_BANDWIDTH_CONSTRAINED Forbidden: LOCAL_NETWORK Uid: 1000 RequestorUid: 1000 RequestorPkg: android UnderlyingNetworks: Null] ]
      NetworkRequest [ REQUEST id=50, [ Capabilities: INTERNET&NOT_RESTRICTED&TRUSTED&NOT_VCN_MANAGED&NOT_BANDWIDTH_CONSTRAINED Uid: 10200 RequestorUid: 1000 RequestorPkg: android UnderlyingNetworks: Null] ]
      NetworkRequest [ REQUEST id=52, [ Capabilities: INTERNET&NOT_RESTRICTED&TRUSTED&NOT_VCN_MANAGED&NOT_BANDWIDTH_CONSTRAINED Uid: 10171 RequestorUid: 1000 RequestorPkg: android UnderlyingNetworks: Null] ]
      NetworkRequest [ REQUEST id=54, [ Capabilities: INTERNET&NOT_RESTRICTED&TRUSTED&NOT_VCN_MANAGED&NOT_BANDWIDTH_CONSTRAINED Uid: 10169 RequestorUid: 1000 RequestorPkg: android UnderlyingNetworks: Null] ]
      NetworkRequest [ REQUEST id=56, [ Capabilities: INTERNET&NOT_RESTRICTED&TRUSTED&NOT_VCN_MANAGED&NOT_BANDWIDTH_CONSTRAINED Uid: 10168 RequestorUid: 1000 RequestorPkg: android UnderlyingNetworks: Null] ]
      NetworkRequest [ REQUEST id=58, [ Capabilities: INTERNET&NOT_RESTRICTED&TRUSTED&NOT_VCN_MANAGED&NOT_BANDWIDTH_CONSTRAINED Uid: 10163 RequestorUid: 1000 RequestorPkg: android UnderlyingNetworks: Null] ]
      NetworkRequest [ REQUEST id=60, [ Capabilities: INTERNET&NOT_RESTRICTED&TRUSTED&NOT_VCN_MANAGED&NOT_BANDWIDTH_CONSTRAINED Uid: 10158 RequestorUid: 1000 RequestorPkg: android UnderlyingNetworks: Null] ]
      NetworkRequest [ REQUEST id=62, [ Capabilities: INTERNET&NOT_RESTRICTED&TRUSTED&NOT_VCN_MANAGED&NOT_BANDWIDTH_CONSTRAINED Uid: 10134 RequestorUid: 1000 RequestorPkg: android UnderlyingNetworks: Null] ]
      NetworkRequest [ REQUEST id=64, [ Capabilities: INTERNET&NOT_RESTRICTED&TRUSTED&NOT_VCN_MANAGED&NOT_BANDWIDTH_CONSTRAINED Uid: 10107 RequestorUid: 1000 RequestorPkg: android UnderlyingNetworks: Null] ]
      NetworkRequest [ REQUEST id=66, [ Capabilities: INTERNET&NOT_RESTRICTED&TRUSTED&NOT_VCN_MANAGED&NOT_BANDWIDTH_CONSTRAINED Uid: 6102 RequestorUid: 1000 RequestorPkg: android UnderlyingNetworks: Null] ]
      NetworkRequest [ REQUEST id=68, [ Capabilities: INTERNET&NOT_RESTRICTED&TRUSTED&NOT_VCN_MANAGED&NOT_BANDWIDTH_CONSTRAINED Uid: 6101 RequestorUid: 1000 RequestorPkg: android UnderlyingNetworks: Null] ]
      NetworkRequest [ REQUEST id=70, [ Capabilities: INTERNET&NOT_RESTRICTED&TRUSTED&NOT_VCN_MANAGED&NOT_BANDWIDTH_CONSTRAINED Uid: 1000 RequestorUid: 1000 RequestorPkg: android UnderlyingNetworks: Null] ]
      NetworkRequest [ TRACK_DEFAULT id=72, [ Capabilities: INTERNET&NOT_RESTRICTED&TRUSTED&NOT_VCN_MANAGED&NOT_BANDWIDTH_CONSTRAINED Uid: 10159 RequestorUid: 1000 RequestorPkg: android UnderlyingNetworks: Null] ]
      NetworkRequest [ REQUEST id=75, [ Capabilities: INTERNET&NOT_RESTRICTED&TRUSTED&NOT_VCN_MANAGED&NOT_BANDWIDTH_CONSTRAINED Uid: 10399 RequestorUid: 1000 RequestorPkg: android UnderlyingNetworks: Null] ]
      NetworkRequest [ REQUEST id=77, [ Capabilities: INTERNET&NOT_RESTRICTED&TRUSTED&NOT_VCN_MANAGED&NOT_BANDWIDTH_CONSTRAINED Uid: 1000 RequestorUid: 1000 RequestorPkg: android UnderlyingNetworks: Null] ]
      NetworkRequest [ REQUEST id=79, [ Capabilities: INTERNET&NOT_RESTRICTED&TRUSTED&NOT_VCN_MANAGED&NOT_BANDWIDTH_CONSTRAINED Uid: 1073 RequestorUid: 1073 RequestorPkg: com.google.android.networkstack UnderlyingNetworks: Null] ]
      NetworkRequest [ TRACK_SYSTEM_DEFAULT id=81, [ Capabilities: INTERNET&NOT_RESTRICTED&TRUSTED&NOT_VPN&NOT_VCN_MANAGED&NOT_BANDWIDTH_CONSTRAINED RequestorUid: 1073 RequestorPkg: com.google.android.networkstack.tethering UnderlyingNetworks: Null] ]
      NetworkRequest [ LISTEN id=84, [ Transports: CELLULAR Capabilities: INTERNET&NOT_RESTRICTED&TRUSTED&NOT_VPN&VALIDATED&NOT_VCN_MANAGED&NOT_BANDWIDTH_CONSTRAINED Forbidden: LOCAL_NETWORK Uid: 1000 RequestorUid: 1000 RequestorPkg: android UnderlyingNetworks: Null] ]
      NetworkRequest [ REQUEST id=88, [ Capabilities: INTERNET&NOT_RESTRICTED&TRUSTED&NOT_VCN_MANAGED&NOT_BANDWIDTH_CONSTRAINED Uid: 1000 RequestorUid: 1000 RequestorPkg: android UnderlyingNetworks: Null] ]
      NetworkRequest [ LISTEN id=89, [ Capabilities: INTERNET&NOT_RESTRICTED&TRUSTED&NOT_VPN&NOT_VCN_MANAGED&NOT_BANDWIDTH_CONSTRAINED Forbidden: LOCAL_NETWORK Uid: 1000 RequestorUid: 1000 RequestorPkg: android UnderlyingNetworks: Null] ]
      NetworkRequest [ TRACK_SYSTEM_DEFAULT id=90, [ Capabilities: INTERNET&NOT_RESTRICTED&TRUSTED&NOT_VPN&NOT_VCN_MANAGED&NOT_BANDWIDTH_CONSTRAINED RequestorUid: 1001 RequestorPkg: com.android.phone UnderlyingNetworks: Null] ]
      NetworkRequest [ TRACK_SYSTEM_DEFAULT id=91, [ Capabilities: INTERNET&NOT_RESTRICTED&TRUSTED&NOT_VPN&NOT_VCN_MANAGED&NOT_BANDWIDTH_CONSTRAINED RequestorUid: 1001 RequestorPkg: com.android.phone UnderlyingNetworks: Null] ]
      NetworkRequest [ REQUEST id=95, [ Capabilities: INTERNET&NOT_RESTRICTED&TRUSTED&NOT_VCN_MANAGED&NOT_BANDWIDTH_CONSTRAINED Uid: 1001 RequestorUid: 1001 RequestorPkg: com.android.phone UnderlyingNetworks: Null] ]
      NetworkRequest [ REQUEST id=106, [ Capabilities: INTERNET&NOT_RESTRICTED&TRUSTED&NOT_VCN_MANAGED&NOT_BANDWIDTH_CONSTRAINED Uid: 1001 RequestorUid: 1001 RequestorPkg: com.android.phone UnderlyingNetworks: Null] ]
      NetworkRequest [ REQUEST id=108, [ Capabilities: INTERNET&NOT_RESTRICTED&TRUSTED&NOT_VCN_MANAGED&NOT_BANDWIDTH_CONSTRAINED Uid: 1001 RequestorUid: 1001 RequestorPkg: com.android.phone UnderlyingNetworks: Null] ]
      NetworkRequest [ LISTEN id=110, [ Capabilities: INTERNET&NOT_RESTRICTED&TRUSTED&NOT_VPN&NOT_VCN_MANAGED&NOT_BANDWIDTH_CONSTRAINED Forbidden: LOCAL_NETWORK Uid: 1001 RequestorUid: 1001 RequestorPkg: com.android.phone UnderlyingNetworks: Null] ]
      NetworkRequest [ LISTEN id=117, [ Transports: CELLULAR Capabilities: INTERNET&NOT_RESTRICTED&TRUSTED&NOT_VPN&VALIDATED&NOT_VCN_MANAGED&NOT_BANDWIDTH_CONSTRAINED Uid: 1002 RequestorUid: 1002 RequestorPkg: com.xiaomi.bluetooth UnderlyingNetworks: Null] ]
      NetworkRequest [ LISTEN id=120, [ Capabilities: NOT_RESTRICTED&TRUSTED&NOT_VPN&VALIDATED&NOT_VCN_MANAGED&NOT_BANDWIDTH_CONSTRAINED Forbidden: LOCAL_NETWORK Uid: 1000 RequestorUid: 1000 RequestorPkg: android UnderlyingNetworks: Null] ]
      NetworkRequest [ LISTEN id=121, [ Capabilities: NOT_RESTRICTED&TRUSTED&NOT_VPN&VALIDATED&NOT_VCN_MANAGED&NOT_BANDWIDTH_CONSTRAINED Forbidden: LOCAL_NETWORK Uid: 1001 RequestorUid: 1001 RequestorPkg: com.android.ons UnderlyingNetworks: Null] ]
      NetworkRequest [ REQUEST id=123, [ Capabilities: INTERNET&NOT_RESTRICTED&TRUSTED&NOT_VCN_MANAGED&NOT_BANDWIDTH_CONSTRAINED Uid: 10135 RequestorUid: 10135 RequestorPkg: com.qualcomm.qti.cne UnderlyingNetworks: Null] ]
      NetworkRequest [ LISTEN id=125, [ Transports: CELLULAR Capabilities: INTERNET&NOT_RESTRICTED&TRUSTED&NOT_VPN&NOT_VCN_MANAGED&NOT_BANDWIDTH_CONSTRAINED Forbidden: LOCAL_NETWORK Uid: 10135 RequestorUid: 10135 RequestorPkg: com.qualcomm.qti.cne UnderlyingNetworks: Null] ]
      NetworkRequest [ LISTEN id=129, [ Capabilities: INTERNET&TRUSTED&NOT_VCN_MANAGED Uid: 10159 RequestorUid: 10159 RequestorPkg: com.google.android.gms UnderlyingNetworks: Null] ]
      NetworkRequest [ TRACK_DEFAULT id=131, [ Capabilities: INTERNET&NOT_RESTRICTED&TRUSTED&NOT_VCN_MANAGED&NOT_BANDWIDTH_CONSTRAINED Uid: 10159 RequestorUid: 10159 RequestorPkg: com.google.android.gms UnderlyingNetworks: Null] ]
      NetworkRequest [ REQUEST id=134, [ Capabilities: INTERNET&NOT_RESTRICTED&TRUSTED&NOT_VCN_MANAGED&NOT_BANDWIDTH_CONSTRAINED Uid: 10302 RequestorUid: 1000 RequestorPkg: android UnderlyingNetworks: Null] ]
      NetworkRequest [ REQUEST id=136, [ Capabilities: INTERNET&NOT_RESTRICTED&TRUSTED&NOT_VCN_MANAGED&NOT_BANDWIDTH_CONSTRAINED Uid: 10193 RequestorUid: 10193 RequestorPkg: com.google.android.inputmethod.latin UnderlyingNetworks: Null] ]
      NetworkRequest [ LISTEN id=137, [ Capabilities: INTERNET&NOT_RESTRICTED&TRUSTED&FOREGROUND&NOT_VCN_MANAGED&NOT_BANDWIDTH_CONSTRAINED Uid: 10193 RequestorUid: 10193 RequestorPkg: com.google.android.inputmethod.latin UnderlyingNetworks: Null] ]
      NetworkRequest [ REQUEST id=140, [ Capabilities: INTERNET&NOT_RESTRICTED&TRUSTED&NOT_VCN_MANAGED&NOT_BANDWIDTH_CONSTRAINED Uid: 10186 RequestorUid: 1000 RequestorPkg: android UnderlyingNetworks: Null] ]
      NetworkRequest [ REQUEST id=142, [ Capabilities: INTERNET&NOT_RESTRICTED&TRUSTED&NOT_VCN_MANAGED&NOT_BANDWIDTH_CONSTRAINED Uid: 1001 RequestorUid: 1001 RequestorPkg: com.qti.dpmserviceapp UnderlyingNetworks: Null] ]
      NetworkRequest [ TRACK_DEFAULT id=145, [ Capabilities: INTERNET&NOT_RESTRICTED&TRUSTED&NOT_VCN_MANAGED&NOT_BANDWIDTH_CONSTRAINED Uid: 10184 RequestorUid: 10184 RequestorPkg: com.google.android.apps.messaging UnderlyingNetworks: Null] ]
      NetworkRequest [ TRACK_DEFAULT id=153, [ Capabilities: INTERNET&NOT_RESTRICTED&TRUSTED&NOT_VCN_MANAGED&NOT_BANDWIDTH_CONSTRAINED Uid: 10159 RequestorUid: 10159 RequestorPkg: com.google.android.gms UnderlyingNetworks: Null] ]
      NetworkRequest [ TRACK_DEFAULT id=156, [ Capabilities: INTERNET&NOT_RESTRICTED&TRUSTED&NOT_VCN_MANAGED&NOT_BANDWIDTH_CONSTRAINED Uid: 10184 RequestorUid: 10184 RequestorPkg: com.google.android.apps.messaging UnderlyingNetworks: Null] ]
      NetworkRequest [ REQUEST id=160, [ Capabilities: INTERNET&NOT_RESTRICTED&TRUSTED&NOT_VCN_MANAGED&NOT_BANDWIDTH_CONSTRAINED Uid: 10379 RequestorUid: 1000 RequestorPkg: android UnderlyingNetworks: Null] ]
      NetworkRequest [ LISTEN id=161, [ Capabilities: INTERNET&NOT_RESTRICTED&TRUSTED&NOT_VPN&FOREGROUND&NOT_VCN_MANAGED&NOT_BANDWIDTH_CONSTRAINED Uid: 10158 RequestorUid: 10158 RequestorPkg: com.microsoft.appmanager UnderlyingNetworks: Null] ]
      NetworkRequest [ LISTEN_FOR_BEST id=162, [ Transports: CELLULAR|WIFI|BLUETOOTH|ETHERNET|SATELLITE Capabilities: INTERNET&TRUSTED&NOT_VPN&NOT_VCN_MANAGED Uid: 10159 RequestorUid: 10159 RequestorPkg: com.google.android.gms UnderlyingNetworks: Null] ]
      NetworkRequest [ LISTEN id=164, [ Capabilities: INTERNET&NOT_RESTRICTED&TRUSTED&NOT_VPN&FOREGROUND&NOT_VCN_MANAGED&NOT_BANDWIDTH_CONSTRAINED Uid: 10158 RequestorUid: 10158 RequestorPkg: com.microsoft.appmanager UnderlyingNetworks: Null] ]
      NetworkRequest [ REQUEST id=167, [ Capabilities: INTERNET&NOT_RESTRICTED&TRUSTED&NOT_VCN_MANAGED&NOT_BANDWIDTH_CONSTRAINED Uid: 1000 RequestorUid: 1000 RequestorPkg: com.xiaomi.mi_connect_service UnderlyingNetworks: Null] ]
      NetworkRequest [ REQUEST id=171, [ Capabilities: INTERNET&NOT_RESTRICTED&TRUSTED&NOT_VCN_MANAGED&NOT_BANDWIDTH_CONSTRAINED Uid: 10379 RequestorUid: 10379 RequestorPkg: org.telegram.messenger UnderlyingNetworks: Null] ]
      NetworkRequest [ REQUEST id=173, [ Capabilities: INTERNET&NOT_RESTRICTED&TRUSTED&NOT_VCN_MANAGED&NOT_BANDWIDTH_CONSTRAINED Uid: 10418 RequestorUid: 10418 RequestorPkg: com.mi.health UnderlyingNetworks: Null] ]
      NetworkRequest [ REQUEST id=175, [ Capabilities: INTERNET&NOT_RESTRICTED&TRUSTED&NOT_VCN_MANAGED&NOT_BANDWIDTH_CONSTRAINED Uid: 10418 RequestorUid: 10418 RequestorPkg: com.mi.health UnderlyingNetworks: Null] ]
      NetworkRequest [ TRACK_DEFAULT id=184, [ Capabilities: INTERNET&NOT_RESTRICTED&TRUSTED&NOT_VCN_MANAGED&NOT_BANDWIDTH_CONSTRAINED Uid: 10184 RequestorUid: 1000 RequestorPkg: android UnderlyingNetworks: Null] ]
      NetworkRequest [ REQUEST id=191, [ Capabilities: INTERNET&NOT_RESTRICTED&TRUSTED&NOT_VCN_MANAGED&NOT_BANDWIDTH_CONSTRAINED Uid: 1000 RequestorUid: 1000 RequestorPkg: com.miui.securitycenter UnderlyingNetworks: Null] ]
      NetworkRequest [ REQUEST id=193, [ Capabilities: INTERNET&NOT_RESTRICTED&TRUSTED&NOT_VCN_MANAGED&NOT_BANDWIDTH_CONSTRAINED Uid: 10158 RequestorUid: 10158 RequestorPkg: com.microsoft.appmanager UnderlyingNetworks: Null] ]
      NetworkRequest [ TRACK_DEFAULT id=197, [ Capabilities: INTERNET&NOT_RESTRICTED&TRUSTED&NOT_VCN_MANAGED&NOT_BANDWIDTH_CONSTRAINED Uid: 10184 RequestorUid: 10184 RequestorPkg: com.google.android.apps.messaging UnderlyingNetworks: Null] ]
      NetworkRequest [ REQUEST id=201, [ Capabilities: INTERNET&NOT_RESTRICTED&TRUSTED&NOT_VCN_MANAGED&NOT_BANDWIDTH_CONSTRAINED Uid: 10327 RequestorUid: 10327 RequestorPkg: com.google.android.apps.youtube.music UnderlyingNetworks: Null] ]
      NetworkRequest [ REQUEST id=203, [ Capabilities: INTERNET&NOT_RESTRICTED&TRUSTED&NOT_VCN_MANAGED&NOT_BANDWIDTH_CONSTRAINED Uid: 10327 RequestorUid: 10327 RequestorPkg: com.google.android.apps.youtube.music UnderlyingNetworks: Null] ]
      NetworkRequest [ LISTEN id=204, [ Capabilities: INTERNET&NOT_RESTRICTED&TRUSTED&FOREGROUND&NOT_VCN_MANAGED&NOT_BANDWIDTH_CONSTRAINED Uid: 10327 RequestorUid: 10327 RequestorPkg: com.google.android.apps.youtube.music UnderlyingNetworks: Null] ]
      NetworkRequest [ REQUEST id=206, [ Capabilities: INTERNET&NOT_RESTRICTED&TRUSTED&NOT_VCN_MANAGED&NOT_BANDWIDTH_CONSTRAINED Uid: 10327 RequestorUid: 10327 RequestorPkg: com.google.android.apps.youtube.music UnderlyingNetworks: Null] ]
      NetworkRequest [ REQUEST id=208, [ Capabilities: INTERNET&NOT_RESTRICTED&TRUSTED&NOT_VCN_MANAGED&NOT_BANDWIDTH_CONSTRAINED Uid: 10193 RequestorUid: 1000 RequestorPkg: android UnderlyingNetworks: Null] ]
      NetworkRequest [ REQUEST id=210, [ Capabilities: INTERNET&NOT_RESTRICTED&TRUSTED&NOT_VCN_MANAGED&NOT_BANDWIDTH_CONSTRAINED Uid: 10327 RequestorUid: 10327 RequestorPkg: com.google.android.apps.youtube.music UnderlyingNetworks: Null] ]
      NetworkRequest [ REQUEST id=212, [ Capabilities: INTERNET&NOT_RESTRICTED&TRUSTED&NOT_VCN_MANAGED&NOT_BANDWIDTH_CONSTRAINED Uid: 10172 RequestorUid: 10172 RequestorPkg: com.android.vending UnderlyingNetworks: Null] ]
      NetworkRequest [ LISTEN id=213, [ Capabilities: INTERNET&NOT_RESTRICTED&TRUSTED&NOT_VCN_MANAGED&NOT_BANDWIDTH_CONSTRAINED Uid: 10172 RequestorUid: 10172 RequestorPkg: com.android.vending UnderlyingNetworks: Null] ]
      NetworkRequest [ REQUEST id=215, [ Capabilities: INTERNET&NOT_RESTRICTED&TRUSTED&NOT_VCN_MANAGED&NOT_BANDWIDTH_CONSTRAINED Uid: 10290 RequestorUid: 1000 RequestorPkg: android UnderlyingNetworks: Null] ]
      NetworkRequest [ REQUEST id=217, [ Capabilities: INTERNET&NOT_RESTRICTED&TRUSTED&NOT_VCN_MANAGED&NOT_BANDWIDTH_CONSTRAINED Uid: 10304 RequestorUid: 1000 RequestorPkg: android UnderlyingNetworks: Null] ]
      NetworkRequest [ REQUEST id=219, [ Capabilities: INTERNET&NOT_RESTRICTED&TRUSTED&NOT_VCN_MANAGED&NOT_BANDWIDTH_CONSTRAINED Uid: 10114 RequestorUid: 1000 RequestorPkg: android UnderlyingNetworks: Null] ]
      NetworkRequest [ REQUEST id=225, [ Capabilities: INTERNET&NOT_RESTRICTED&TRUSTED&NOT_VCN_MANAGED&NOT_BANDWIDTH_CONSTRAINED Uid: 1000 RequestorUid: 1000 RequestorPkg: com.xiaomi.joyose UnderlyingNetworks: Null] ]
      NetworkRequest [ REQUEST id=228, [ Capabilities: INTERNET&NOT_RESTRICTED&TRUSTED&NOT_VCN_MANAGED&NOT_BANDWIDTH_CONSTRAINED Uid: 10169 RequestorUid: 10169 RequestorPkg: com.android.camera UnderlyingNetworks: Null] ]
      NetworkRequest [ REQUEST id=230, [ Capabilities: INTERNET&NOT_RESTRICTED&TRUSTED&NOT_VCN_MANAGED&NOT_BANDWIDTH_CONSTRAINED Uid: 10418 RequestorUid: 10418 RequestorPkg: com.mi.health UnderlyingNetworks: Null] ]
      NetworkRequest [ REQUEST id=232, [ Capabilities: INTERNET&NOT_RESTRICTED&TRUSTED&NOT_VCN_MANAGED&NOT_BANDWIDTH_CONSTRAINED Uid: 10418 RequestorUid: 10418 RequestorPkg: com.mi.health UnderlyingNetworks: Null] ]
      NetworkRequest [ REQUEST id=234, [ Capabilities: INTERNET&NOT_RESTRICTED&TRUSTED&NOT_VCN_MANAGED&NOT_BANDWIDTH_CONSTRAINED Uid: 10375 RequestorUid: 10375 RequestorPkg: com.tencent.mm UnderlyingNetworks: Null] ]
      NetworkRequest [ LISTEN id=235, [ Capabilities: INTERNET&NOT_RESTRICTED&TRUSTED&NOT_VCN_MANAGED&NOT_BANDWIDTH_CONSTRAINED Forbidden: LOCAL_NETWORK Uid: 10375 RequestorUid: 10375 RequestorPkg: com.tencent.mm UnderlyingNetworks: Null] ]
      NetworkRequest [ LISTEN id=236, [ Transports: CELLULAR|WIFI Capabilities: NOT_VPN Forbidden: LOCAL_NETWORK RequestorUid: 1000 RequestorPkg: com.miui.misightservice UnderlyingNetworks: Null] ]
      NetworkRequest [ TRACK_DEFAULT id=238, [ Capabilities: INTERNET&NOT_RESTRICTED&TRUSTED&NOT_VCN_MANAGED&NOT_BANDWIDTH_CONSTRAINED Uid: 10159 RequestorUid: 10159 RequestorPkg: com.google.android.gms UnderlyingNetworks: Null] ]
      NetworkRequest [ LISTEN id=240, [ Capabilities: INTERNET&NOT_RESTRICTED&TRUSTED&NOT_VCN_MANAGED&NOT_BANDWIDTH_CONSTRAINED Uid: 10159 RequestorUid: 10159 RequestorPkg: com.google.android.gms UnderlyingNetworks: Null] ]
      NetworkRequest [ TRACK_DEFAULT id=242, [ Capabilities: INTERNET&NOT_RESTRICTED&TRUSTED&NOT_VCN_MANAGED&NOT_BANDWIDTH_CONSTRAINED Uid: 10159 RequestorUid: 10159 RequestorPkg: com.google.android.gms UnderlyingNetworks: Null] ]
      NetworkRequest [ LISTEN id=244, [ Capabilities: NOT_RESTRICTED&NOT_VPN&NOT_VCN_MANAGED&NOT_BANDWIDTH_CONSTRAINED Forbidden: LOCAL_NETWORK Uid: 10375 RequestorUid: 10375 RequestorPkg: com.tencent.mm UnderlyingNetworks: Null] ]
      NetworkRequest [ REQUEST id=246, [ Capabilities: INTERNET&NOT_RESTRICTED&TRUSTED&NOT_VCN_MANAGED&NOT_BANDWIDTH_CONSTRAINED Uid: 10172 RequestorUid: 10172 RequestorPkg: com.android.vending UnderlyingNetworks: Null] ]
      NetworkRequest [ REQUEST id=248, [ Capabilities: INTERNET&NOT_RESTRICTED&TRUSTED&NOT_VCN_MANAGED&NOT_BANDWIDTH_CONSTRAINED Uid: 10172 RequestorUid: 10172 RequestorPkg: com.android.vending UnderlyingNetworks: Null] ]
      NetworkRequest [ LISTEN id=249, [ Capabilities: INTERNET&NOT_RESTRICTED&TRUSTED&NOT_VCN_MANAGED&NOT_BANDWIDTH_CONSTRAINED Uid: 10172 RequestorUid: 10172 RequestorPkg: com.android.vending UnderlyingNetworks: Null] ]
      NetworkRequest [ REQUEST id=251, [ Capabilities: INTERNET&NOT_RESTRICTED&TRUSTED&NOT_VCN_MANAGED&NOT_BANDWIDTH_CONSTRAINED Uid: 10177 RequestorUid: 1000 RequestorPkg: android UnderlyingNetworks: Null] ]
      NetworkRequest [ REQUEST id=257, [ Capabilities: INTERNET&NOT_RESTRICTED&TRUSTED&NOT_VCN_MANAGED&NOT_BANDWIDTH_CONSTRAINED Uid: 10418 RequestorUid: 10418 RequestorPkg: com.mi.health UnderlyingNetworks: Null] ]
      NetworkRequest [ REQUEST id=259, [ Capabilities: INTERNET&NOT_RESTRICTED&TRUSTED&NOT_VCN_MANAGED&NOT_BANDWIDTH_CONSTRAINED Uid: 10355 RequestorUid: 10355 RequestorPkg: com.eg.android.AlipayGphone UnderlyingNetworks: Null] ]
      NetworkRequest [ REQUEST id=267, [ Capabilities: INTERNET&NOT_RESTRICTED&TRUSTED&NOT_VCN_MANAGED&NOT_BANDWIDTH_CONSTRAINED Uid: 10172 RequestorUid: 1000 RequestorPkg: android UnderlyingNetworks: Null] ]
      NetworkRequest [ REQUEST id=271, [ Capabilities: INTERNET&NOT_RESTRICTED&TRUSTED&NOT_VCN_MANAGED&NOT_BANDWIDTH_CONSTRAINED Uid: 10155 RequestorUid: 1000 RequestorPkg: android UnderlyingNetworks: Null] ]
      NetworkRequest [ LISTEN id=272, [ Transports: CELLULAR|WIFI Capabilities: NOT_RESTRICTED&TRUSTED&NOT_VPN&NOT_VCN_MANAGED&NOT_BANDWIDTH_CONSTRAINED Uid: 10159 RequestorUid: 10159 RequestorPkg: com.google.android.gms UnderlyingNetworks: Null] ]
      NetworkRequest [ LISTEN id=273, [ Transports: CELLULAR|WIFI Capabilities: NOT_RESTRICTED&TRUSTED&NOT_VPN&NOT_VCN_MANAGED&NOT_BANDWIDTH_CONSTRAINED Uid: 10159 RequestorUid: 10159 RequestorPkg: com.google.android.gms UnderlyingNetworks: Null] ]
      NetworkRequest [ REQUEST id=274, [ Capabilities: NOT_RESTRICTED&TRUSTED&NOT_VPN&NOT_VCN_MANAGED&NOT_BANDWIDTH_CONSTRAINED Forbidden: LOCAL_NETWORK Uid: 10375 RequestorUid: 10375 RequestorPkg: com.tencent.mm UnderlyingNetworks: Null] ]
      NetworkRequest [ TRACK_DEFAULT id=279, [ Capabilities: INTERNET&NOT_RESTRICTED&TRUSTED&NOT_VCN_MANAGED&NOT_BANDWIDTH_CONSTRAINED Uid: 10159 RequestorUid: 10159 RequestorPkg: com.google.android.gms UnderlyingNetworks: Null] ]
      NetworkRequest [ REQUEST id=285, [ Capabilities: INTERNET&NOT_RESTRICTED&TRUSTED&NOT_VCN_MANAGED&NOT_BANDWIDTH_CONSTRAINED Uid: 10183 RequestorUid: 1000 RequestorPkg: android UnderlyingNetworks: Null] ]
      NetworkRequest [ REQUEST id=287, [ Capabilities: INTERNET&NOT_RESTRICTED&TRUSTED&NOT_VCN_MANAGED&NOT_BANDWIDTH_CONSTRAINED Uid: 10176 RequestorUid: 1000 RequestorPkg: android UnderlyingNetworks: Null] ]
      NetworkRequest [ TRACK_DEFAULT id=290, [ Capabilities: INTERNET&NOT_RESTRICTED&TRUSTED&NOT_VCN_MANAGED&NOT_BANDWIDTH_CONSTRAINED Uid: 10159 RequestorUid: 10159 RequestorPkg: com.google.android.gms UnderlyingNetworks: Null] ]
      NetworkRequest [ LISTEN id=292, [ Capabilities: INTERNET&NOT_RESTRICTED&TRUSTED&NOT_VCN_MANAGED&NOT_BANDWIDTH_CONSTRAINED Uid: 10159 RequestorUid: 10159 RequestorPkg: com.google.android.gms UnderlyingNetworks: Null] ]
      NetworkRequest [ TRACK_DEFAULT id=294, [ Capabilities: INTERNET&NOT_RESTRICTED&TRUSTED&NOT_VCN_MANAGED&NOT_BANDWIDTH_CONSTRAINED Uid: 10159 RequestorUid: 10159 RequestorPkg: com.google.android.gms UnderlyingNetworks: Null] ]
      NetworkRequest [ TRACK_DEFAULT id=297, [ Capabilities: INTERNET&NOT_RESTRICTED&TRUSTED&NOT_VCN_MANAGED&NOT_BANDWIDTH_CONSTRAINED Uid: 10159 RequestorUid: 10159 RequestorPkg: com.google.android.gms UnderlyingNetworks: Null] ]
      NetworkRequest [ LISTEN id=299, [ Capabilities: INTERNET&NOT_RESTRICTED&TRUSTED&NOT_VCN_MANAGED&NOT_BANDWIDTH_CONSTRAINED Uid: 10159 RequestorUid: 10159 RequestorPkg: com.google.android.gms UnderlyingNetworks: Null] ]
      NetworkRequest [ TRACK_DEFAULT id=301, [ Capabilities: INTERNET&NOT_RESTRICTED&TRUSTED&NOT_VCN_MANAGED&NOT_BANDWIDTH_CONSTRAINED Uid: 10159 RequestorUid: 10159 RequestorPkg: com.google.android.gms UnderlyingNetworks: Null] ]
      NetworkRequest [ REQUEST id=307, [ Capabilities: INTERNET&NOT_RESTRICTED&TRUSTED&NOT_VCN_MANAGED&NOT_BANDWIDTH_CONSTRAINED Uid: 10172 RequestorUid: 10172 RequestorPkg: com.android.vending UnderlyingNetworks: Null] ]
      NetworkRequest [ TRACK_DEFAULT id=311, [ Capabilities: INTERNET&NOT_RESTRICTED&TRUSTED&NOT_VCN_MANAGED&NOT_BANDWIDTH_CONSTRAINED Uid: 10159 RequestorUid: 10159 RequestorPkg: com.google.android.gms UnderlyingNetworks: Null] ]
      NetworkRequest [ REQUEST id=314, [ Capabilities: INTERNET&NOT_RESTRICTED&TRUSTED&NOT_VCN_MANAGED&NOT_BANDWIDTH_CONSTRAINED Uid: 10418 RequestorUid: 10418 RequestorPkg: com.mi.health UnderlyingNetworks: Null] ]
      NetworkRequest [ REQUEST id=325, [ Capabilities: INTERNET&NOT_RESTRICTED&TRUSTED&NOT_VCN_MANAGED&NOT_BANDWIDTH_CONSTRAINED Uid: 10183 RequestorUid: 10183 RequestorPkg: com.google.android.googlequicksearchbox UnderlyingNetworks: Null] ]
      NetworkRequest [ REQUEST id=327, [ Capabilities: INTERNET&NOT_RESTRICTED&TRUSTED&NOT_VCN_MANAGED&NOT_BANDWIDTH_CONSTRAINED Uid: 10183 RequestorUid: 10183 RequestorPkg: com.google.android.googlequicksearchbox UnderlyingNetworks: Null] ]
      NetworkRequest [ LISTEN id=328, [ Capabilities: INTERNET&NOT_RESTRICTED&TRUSTED&NOT_VCN_MANAGED&NOT_BANDWIDTH_CONSTRAINED Uid: 10183 RequestorUid: 10183 RequestorPkg: com.google.android.googlequicksearchbox UnderlyingNetworks: Null] ]
      NetworkRequest [ REQUEST id=330, [ Capabilities: INTERNET&NOT_RESTRICTED&TRUSTED&NOT_VCN_MANAGED&NOT_BANDWIDTH_CONSTRAINED Uid: 10162 RequestorUid: 1000 RequestorPkg: android UnderlyingNetworks: Null] ]
      NetworkRequest [ REQUEST id=332, [ Capabilities: INTERNET&NOT_RESTRICTED&TRUSTED&NOT_VCN_MANAGED&NOT_BANDWIDTH_CONSTRAINED Uid: 10414 RequestorUid: 10414 RequestorPkg: com.google.android.apps.docs UnderlyingNetworks: Null] ]
      NetworkRequest [ REQUEST id=335, [ Capabilities: INTERNET&NOT_RESTRICTED&TRUSTED&NOT_VCN_MANAGED&NOT_BANDWIDTH_CONSTRAINED Uid: 10414 RequestorUid: 1000 RequestorPkg: android UnderlyingNetworks: Null] ]
      NetworkRequest [ REQUEST id=345, [ Capabilities: INTERNET&NOT_RESTRICTED&TRUSTED&NOT_VCN_MANAGED&NOT_BANDWIDTH_CONSTRAINED Uid: 10374 RequestorUid: 1000 RequestorPkg: android UnderlyingNetworks: Null] ]
      NetworkRequest [ REQUEST id=349, [ Capabilities: INTERNET&NOT_RESTRICTED&TRUSTED&NOT_VCN_MANAGED&NOT_BANDWIDTH_CONSTRAINED Uid: 10399 RequestorUid: 10399 RequestorPkg: com.google.android.keep UnderlyingNetworks: Null] ]
      NetworkRequest [ TRACK_DEFAULT id=351, [ Capabilities: INTERNET&NOT_RESTRICTED&TRUSTED&NOT_VCN_MANAGED&NOT_BANDWIDTH_CONSTRAINED Uid: 10184 RequestorUid: 10184 RequestorPkg: com.google.android.apps.messaging UnderlyingNetworks: Null] ]
      NetworkRequest [ TRACK_DEFAULT id=355, [ Capabilities: INTERNET&NOT_RESTRICTED&TRUSTED&NOT_VCN_MANAGED&NOT_BANDWIDTH_CONSTRAINED Uid: 10159 RequestorUid: 10159 RequestorPkg: com.google.android.gms UnderlyingNetworks: Null] ]
      NetworkRequest [ REQUEST id=358, [ Capabilities: INTERNET&NOT_RESTRICTED&TRUSTED&NOT_VCN_MANAGED&NOT_BANDWIDTH_CONSTRAINED Uid: 10385 RequestorUid: 10385 RequestorPkg: com.paypal.android.p2pmobile UnderlyingNetworks: Null] ]
      NetworkRequest [ REQUEST id=360, [ Capabilities: INTERNET&NOT_RESTRICTED&TRUSTED&NOT_VCN_MANAGED&NOT_BANDWIDTH_CONSTRAINED Uid: 10385 RequestorUid: 1000 RequestorPkg: android UnderlyingNetworks: Null] ]
      NetworkRequest [ REQUEST id=362, [ Capabilities: INTERNET&NOT_RESTRICTED&TRUSTED&NOT_VCN_MANAGED&NOT_BANDWIDTH_CONSTRAINED Uid: 10385 RequestorUid: 10385 RequestorPkg: com.paypal.android.p2pmobile UnderlyingNetworks: Null] ]
      NetworkRequest [ REQUEST id=364, [ Capabilities: INTERNET&NOT_RESTRICTED&TRUSTED&NOT_VCN_MANAGED&NOT_BANDWIDTH_CONSTRAINED Uid: 10385 RequestorUid: 10385 RequestorPkg: com.paypal.android.p2pmobile UnderlyingNetworks: Null] ]
      NetworkRequest [ REQUEST id=367, [ Capabilities: INTERNET&NOT_RESTRICTED&TRUSTED&NOT_VCN_MANAGED&NOT_BANDWIDTH_CONSTRAINED Uid: 10385 RequestorUid: 10385 RequestorPkg: com.paypal.android.p2pmobile UnderlyingNetworks: Null] ]
      NetworkRequest [ REQUEST id=369, [ Capabilities: INTERNET&NOT_RESTRICTED&TRUSTED&NOT_VCN_MANAGED&NOT_BANDWIDTH_CONSTRAINED Uid: 10219 RequestorUid: 1000 RequestorPkg: android UnderlyingNetworks: Null] ]
      NetworkRequest [ REQUEST id=373, [ Capabilities: INTERNET&NOT_RESTRICTED&TRUSTED&NOT_VCN_MANAGED&NOT_BANDWIDTH_CONSTRAINED Uid: 10200 RequestorUid: 10200 RequestorPkg: com.google.android.gm UnderlyingNetworks: Null] ]
      NetworkRequest [ LISTEN id=374, [ Capabilities: INTERNET&NOT_RESTRICTED&TRUSTED&NOT_VCN_MANAGED&NOT_BANDWIDTH_CONSTRAINED Uid: 10200 RequestorUid: 10200 RequestorPkg: com.google.android.gm UnderlyingNetworks: Null] ]
      NetworkRequest [ REQUEST id=376, [ Capabilities: INTERNET&NOT_RESTRICTED&TRUSTED&NOT_VCN_MANAGED&NOT_BANDWIDTH_CONSTRAINED Uid: 10200 RequestorUid: 10200 RequestorPkg: com.google.android.gm UnderlyingNetworks: Null] ]
      NetworkRequest [ LISTEN id=377, [ Capabilities: INTERNET&NOT_RESTRICTED&TRUSTED&NOT_VCN_MANAGED&NOT_BANDWIDTH_CONSTRAINED Uid: 10200 RequestorUid: 10200 RequestorPkg: com.google.android.gm UnderlyingNetworks: Null] ]
      NetworkRequest [ REQUEST id=379, [ Capabilities: INTERNET&NOT_RESTRICTED&TRUSTED&NOT_VCN_MANAGED&NOT_BANDWIDTH_CONSTRAINED Uid: 10192 RequestorUid: 10192 RequestorPkg: com.android.chrome UnderlyingNetworks: Null] ]
      NetworkRequest [ LISTEN id=380, [ Capabilities: INTERNET&NOT_RESTRICTED&TRUSTED&FOREGROUND&NOT_VCN_MANAGED&NOT_BANDWIDTH_CONSTRAINED Uid: 10192 RequestorUid: 10192 RequestorPkg: com.android.chrome UnderlyingNetworks: Null] ]
      NetworkRequest [ REQUEST id=383, [ Capabilities: INTERNET&NOT_RESTRICTED&TRUSTED&NOT_VCN_MANAGED&NOT_BANDWIDTH_CONSTRAINED Uid: 10177 RequestorUid: 10177 RequestorPkg: com.google.android.dialer UnderlyingNetworks: Null] ]
      NetworkRequest [ LISTEN id=384, [ Capabilities: NOT_RESTRICTED&TRUSTED&NOT_VCN_MANAGED&NOT_BANDWIDTH_CONSTRAINED Forbidden: LOCAL_NETWORK Uid: 10375 RequestorUid: 10375 RequestorPkg: com.tencent.mm UnderlyingNetworks: Null] ]
      NetworkRequest [ REQUEST id=386, [ Capabilities: INTERNET&NOT_RESTRICTED&TRUSTED&NOT_VCN_MANAGED&NOT_BANDWIDTH_CONSTRAINED Uid: 10375 RequestorUid: 10375 RequestorPkg: com.tencent.mm UnderlyingNetworks: Null] ]
      NetworkRequest [ LISTEN id=387, [ Capabilities: NOT_RESTRICTED&TRUSTED&NOT_VPN&NOT_VCN_MANAGED&NOT_BANDWIDTH_CONSTRAINED Forbidden: LOCAL_NETWORK Uid: 10375 RequestorUid: 10375 RequestorPkg: com.tencent.mm UnderlyingNetworks: Null] ]
      NetworkRequest [ REQUEST id=389, [ Capabilities: INTERNET&NOT_RESTRICTED&TRUSTED&NOT_VCN_MANAGED&NOT_BANDWIDTH_CONSTRAINED Uid: 10375 RequestorUid: 10375 RequestorPkg: com.tencent.mm UnderlyingNetworks: Null] ]
      NetworkRequest [ LISTEN id=390, [ Capabilities: INTERNET&NOT_RESTRICTED&TRUSTED&NOT_VCN_MANAGED&NOT_BANDWIDTH_CONSTRAINED Forbidden: LOCAL_NETWORK Uid: 10375 RequestorUid: 10375 RequestorPkg: com.tencent.mm UnderlyingNetworks: Null] ]
      NetworkRequest [ LISTEN id=391, [ Capabilities: NOT_RESTRICTED&TRUSTED&NOT_VCN_MANAGED&NOT_BANDWIDTH_CONSTRAINED Forbidden: LOCAL_NETWORK Uid: 10375 RequestorUid: 10375 RequestorPkg: com.tencent.mm UnderlyingNetworks: Null] ]
      NetworkRequest [ LISTEN id=392, [ Capabilities: NOT_RESTRICTED&NOT_VPN&NOT_VCN_MANAGED&NOT_BANDWIDTH_CONSTRAINED Forbidden: LOCAL_NETWORK Uid: 10375 RequestorUid: 10375 RequestorPkg: com.tencent.mm UnderlyingNetworks: Null] ]
      NetworkRequest [ REQUEST id=394, [ Capabilities: INTERNET&NOT_RESTRICTED&TRUSTED&NOT_VCN_MANAGED&NOT_BANDWIDTH_CONSTRAINED Uid: 10375 RequestorUid: 10375 RequestorPkg: com.tencent.mm UnderlyingNetworks: Null] ]
      NetworkRequest [ REQUEST id=400, [ Capabilities: INTERNET&NOT_RESTRICTED&TRUSTED&NOT_VCN_MANAGED&NOT_BANDWIDTH_CONSTRAINED Uid: 10330 RequestorUid: 10330 RequestorPkg: com.openai.chatgpt UnderlyingNetworks: Null] ]
      NetworkRequest [ REQUEST id=402, [ Capabilities: INTERNET&NOT_RESTRICTED&TRUSTED&NOT_VCN_MANAGED&NOT_BANDWIDTH_CONSTRAINED Uid: 10330 RequestorUid: 1000 RequestorPkg: android UnderlyingNetworks: Null] ]
      NetworkRequest [ TRACK_DEFAULT id=404, [ Capabilities: INTERNET&NOT_RESTRICTED&TRUSTED&NOT_VCN_MANAGED&NOT_BANDWIDTH_CONSTRAINED Uid: 10159 RequestorUid: 10159 RequestorPkg: com.google.android.gms UnderlyingNetworks: Null] ]
      NetworkRequest [ REQUEST id=407, [ Capabilities: INTERNET&NOT_RESTRICTED&TRUSTED&NOT_VCN_MANAGED&NOT_BANDWIDTH_CONSTRAINED Uid: 10330 RequestorUid: 10330 RequestorPkg: com.openai.chatgpt UnderlyingNetworks: Null] ]
      NetworkRequest [ LISTEN id=408, [ Capabilities: INTERNET&NOT_RESTRICTED&TRUSTED&NOT_VCN_MANAGED&NOT_BANDWIDTH_CONSTRAINED Uid: 10330 RequestorUid: 10330 RequestorPkg: com.openai.chatgpt UnderlyingNetworks: Null] ]
      NetworkRequest [ REQUEST id=410, [ Capabilities: INTERNET&NOT_RESTRICTED&TRUSTED&NOT_VCN_MANAGED&NOT_BANDWIDTH_CONSTRAINED Uid: 10228 RequestorUid: 10228 RequestorPkg: com.google.android.apps.photos UnderlyingNetworks: Null] ]
      NetworkRequest [ REQUEST id=416, [ Capabilities: INTERNET&NOT_RESTRICTED&TRUSTED&NOT_VCN_MANAGED&NOT_BANDWIDTH_CONSTRAINED Uid: 10183 RequestorUid: 10183 RequestorPkg: com.google.android.googlequicksearchbox UnderlyingNetworks: Null] ]
      NetworkRequest [ REQUEST id=418, [ Capabilities: INTERNET&NOT_RESTRICTED&TRUSTED&NOT_VCN_MANAGED&NOT_BANDWIDTH_CONSTRAINED Uid: 10183 RequestorUid: 10183 RequestorPkg: com.google.android.googlequicksearchbox UnderlyingNetworks: Null] ]
      NetworkRequest [ REQUEST id=420, [ Capabilities: INTERNET&NOT_RESTRICTED&TRUSTED&NOT_VCN_MANAGED&NOT_BANDWIDTH_CONSTRAINED Uid: 10183 RequestorUid: 10183 RequestorPkg: com.google.android.googlequicksearchbox UnderlyingNetworks: Null] ]
      NetworkRequest [ LISTEN id=421, [ Capabilities: INTERNET&NOT_RESTRICTED&TRUSTED&NOT_VCN_MANAGED&NOT_BANDWIDTH_CONSTRAINED Uid: 10183 RequestorUid: 10183 RequestorPkg: com.google.android.googlequicksearchbox UnderlyingNetworks: Null] ]
      NetworkRequest [ REQUEST id=425, [ Capabilities: INTERNET&NOT_RESTRICTED&TRUSTED&NOT_VCN_MANAGED&NOT_BANDWIDTH_CONSTRAINED Uid: 10192 RequestorUid: 10192 RequestorPkg: com.android.chrome UnderlyingNetworks: Null] ]
      NetworkRequest [ LISTEN id=426, [ Capabilities: INTERNET&NOT_RESTRICTED&TRUSTED&FOREGROUND&NOT_VCN_MANAGED&NOT_BANDWIDTH_CONSTRAINED Uid: 10192 RequestorUid: 10192 RequestorPkg: com.android.chrome UnderlyingNetworks: Null] ]
      NetworkRequest [ LISTEN id=436, [ Transports: CELLULAR|WIFI Capabilities: NOT_RESTRICTED&TRUSTED&NOT_VPN&NOT_VCN_MANAGED&NOT_BANDWIDTH_CONSTRAINED Forbidden: LOCAL_NETWORK Uid: 10331 RequestorUid: 10331 RequestorPkg: com.tencent.wework UnderlyingNetworks: Null] ]
      NetworkRequest [ REQUEST id=438, [ Capabilities: INTERNET&NOT_RESTRICTED&TRUSTED&NOT_VCN_MANAGED&NOT_BANDWIDTH_CONSTRAINED Uid: 10331 RequestorUid: 10331 RequestorPkg: com.tencent.wework UnderlyingNetworks: Null] ]
      NetworkRequest [ LISTEN id=439, [ Capabilities: INTERNET&NOT_RESTRICTED&TRUSTED&NOT_VCN_MANAGED&NOT_BANDWIDTH_CONSTRAINED Forbidden: LOCAL_NETWORK Uid: 10331 RequestorUid: 10331 RequestorPkg: com.tencent.wework UnderlyingNetworks: Null] ]
      NetworkRequest [ REQUEST id=460, [ Capabilities: INTERNET&NOT_RESTRICTED&TRUSTED&NOT_VCN_MANAGED&NOT_BANDWIDTH_CONSTRAINED Uid: 10236 RequestorUid: 10236 RequestorPkg: com.google.android.youtube UnderlyingNetworks: Null] ]
      NetworkRequest [ REQUEST id=462, [ Capabilities: INTERNET&NOT_RESTRICTED&TRUSTED&NOT_VCN_MANAGED&NOT_BANDWIDTH_CONSTRAINED Uid: 10236 RequestorUid: 10236 RequestorPkg: com.google.android.youtube UnderlyingNetworks: Null] ]
      NetworkRequest [ LISTEN id=463, [ Capabilities: INTERNET&NOT_RESTRICTED&TRUSTED&FOREGROUND&NOT_VCN_MANAGED&NOT_BANDWIDTH_CONSTRAINED Uid: 10236 RequestorUid: 10236 RequestorPkg: com.google.android.youtube UnderlyingNetworks: Null] ]
      NetworkRequest [ REQUEST id=465, [ Capabilities: INTERNET&NOT_RESTRICTED&TRUSTED&NOT_VCN_MANAGED&NOT_BANDWIDTH_CONSTRAINED Uid: 10236 RequestorUid: 10236 RequestorPkg: com.google.android.youtube UnderlyingNetworks: Null] ]
      NetworkRequest [ REQUEST id=467, [ Capabilities: INTERNET&NOT_RESTRICTED&TRUSTED&NOT_VCN_MANAGED&NOT_BANDWIDTH_CONSTRAINED Uid: 10236 RequestorUid: 10236 RequestorPkg: com.google.android.youtube UnderlyingNetworks: Null] ]
      NetworkRequest [ REQUEST id=478, [ Capabilities: INTERNET&NOT_RESTRICTED&TRUSTED&NOT_VCN_MANAGED&NOT_BANDWIDTH_CONSTRAINED Uid: 10236 RequestorUid: 1000 RequestorPkg: android UnderlyingNetworks: Null] ]
      NetworkRequest [ REQUEST id=481, [ Capabilities: INTERNET&NOT_RESTRICTED&TRUSTED&NOT_VCN_MANAGED&NOT_BANDWIDTH_CONSTRAINED Uid: 10236 RequestorUid: 10236 RequestorPkg: com.google.android.youtube UnderlyingNetworks: Null] ]
      NetworkRequest [ REQUEST id=497, [ Capabilities: INTERNET&NOT_RESTRICTED&TRUSTED&NOT_VCN_MANAGED&NOT_BANDWIDTH_CONSTRAINED Uid: 10327 RequestorUid: 1000 RequestorPkg: android UnderlyingNetworks: Null] ]
      NetworkRequest [ REQUEST id=499, [ Capabilities: INTERNET&NOT_RESTRICTED&TRUSTED&NOT_VCN_MANAGED&NOT_BANDWIDTH_CONSTRAINED Uid: 10327 RequestorUid: 10327 RequestorPkg: com.google.android.apps.youtube.music UnderlyingNetworks: Null] ]
      NetworkRequest [ REQUEST id=517, [ Capabilities: INTERNET&NOT_RESTRICTED&TRUSTED&NOT_VCN_MANAGED&NOT_BANDWIDTH_CONSTRAINED Uid: 10331 RequestorUid: 10331 RequestorPkg: com.tencent.wework UnderlyingNetworks: Null] ]
      NetworkRequest [ LISTEN id=518, [ Capabilities: INTERNET&NOT_RESTRICTED&TRUSTED&NOT_VCN_MANAGED&NOT_BANDWIDTH_CONSTRAINED Forbidden: LOCAL_NETWORK Uid: 10331 RequestorUid: 10331 RequestorPkg: com.tencent.wework UnderlyingNetworks: Null] ]
      NetworkRequest [ LISTEN id=519, [ Transports: CELLULAR|WIFI Capabilities: NOT_RESTRICTED&TRUSTED&NOT_VPN&NOT_VCN_MANAGED&NOT_BANDWIDTH_CONSTRAINED Forbidden: LOCAL_NETWORK Uid: 10331 RequestorUid: 10331 RequestorPkg: com.tencent.wework UnderlyingNetworks: Null] ]
      NetworkRequest [ REQUEST id=520, [ Capabilities: NOT_RESTRICTED&TRUSTED&NOT_VPN&NOT_VCN_MANAGED&NOT_BANDWIDTH_CONSTRAINED Forbidden: LOCAL_NETWORK Uid: 10331 RequestorUid: 10331 RequestorPkg: com.tencent.wework UnderlyingNetworks: Null] ]
      NetworkRequest [ REQUEST id=523, [ Capabilities: INTERNET&NOT_RESTRICTED&TRUSTED&NOT_VCN_MANAGED&NOT_BANDWIDTH_CONSTRAINED Uid: 10304 RequestorUid: 10304 RequestorPkg: com.miui.android.fashiongallery UnderlyingNetworks: Null] ]
      NetworkRequest [ REQUEST id=527, [ Capabilities: INTERNET&NOT_RESTRICTED&TRUSTED&NOT_VCN_MANAGED&NOT_BANDWIDTH_CONSTRAINED Uid: 10304 RequestorUid: 10304 RequestorPkg: com.miui.android.fashiongallery UnderlyingNetworks: Null] ]
      NetworkRequest [ REQUEST id=550, [ Capabilities: INTERNET&NOT_RESTRICTED&TRUSTED&NOT_VCN_MANAGED&NOT_BANDWIDTH_CONSTRAINED Uid: 10334 RequestorUid: 10334 RequestorPkg: com.taobao.taobao UnderlyingNetworks: Null] ]
      NetworkRequest [ REQUEST id=551, [ Transports: CELLULAR Capabilities: INTERNET&NOT_RESTRICTED&TRUSTED&NOT_VPN&NOT_VCN_MANAGED&NOT_BANDWIDTH_CONSTRAINED Uid: 10334 RequestorUid: 10334 RequestorPkg: com.taobao.taobao UnderlyingNetworks: Null] ]
      NetworkRequest [ REQUEST id=552, [ Transports: CELLULAR Capabilities: INTERNET&NOT_RESTRICTED&TRUSTED&NOT_VPN&NOT_VCN_MANAGED&NOT_BANDWIDTH_CONSTRAINED Uid: 10334 RequestorUid: 10334 RequestorPkg: com.taobao.taobao UnderlyingNetworks: Null] ]
      NetworkRequest [ REQUEST id=554, [ Transports: CELLULAR Capabilities: INTERNET&NOT_RESTRICTED&TRUSTED&NOT_VPN&NOT_VCN_MANAGED&NOT_BANDWIDTH_CONSTRAINED Uid: 10334 RequestorUid: 10334 RequestorPkg: com.taobao.taobao UnderlyingNetworks: Null] ]
      NetworkRequest [ LISTEN id=556, [ Transports: CELLULAR|WIFI Capabilities: INTERNET&NOT_RESTRICTED&TRUSTED&NOT_VPN&NOT_VCN_MANAGED&NOT_BANDWIDTH_CONSTRAINED Uid: 10334 RequestorUid: 10334 RequestorPkg: com.taobao.taobao UnderlyingNetworks: Null] ]
      NetworkRequest [ LISTEN id=557, [ Transports: CELLULAR Capabilities: NOT_RESTRICTED&TRUSTED&NOT_VPN&NOT_VCN_MANAGED&NOT_BANDWIDTH_CONSTRAINED Uid: 10334 RequestorUid: 10334 RequestorPkg: com.taobao.taobao UnderlyingNetworks: Null] ]
      NetworkRequest [ REQUEST id=560, [ Capabilities: INTERNET&NOT_RESTRICTED&TRUSTED&NOT_VCN_MANAGED&NOT_BANDWIDTH_CONSTRAINED Uid: 10334 RequestorUid: 10334 RequestorPkg: com.taobao.taobao UnderlyingNetworks: Null] ]
      NetworkRequest [ REQUEST id=562, [ Capabilities: INTERNET&NOT_RESTRICTED&TRUSTED&NOT_VCN_MANAGED&NOT_BANDWIDTH_CONSTRAINED Uid: 10334 RequestorUid: 10334 RequestorPkg: com.taobao.taobao UnderlyingNetworks: Null] ]
      NetworkRequest [ REQUEST id=563, [ Transports: CELLULAR Capabilities: INTERNET&NOT_RESTRICTED&TRUSTED&NOT_VPN&NOT_VCN_MANAGED&NOT_BANDWIDTH_CONSTRAINED Uid: 10334 RequestorUid: 10334 RequestorPkg: com.taobao.taobao UnderlyingNetworks: Null] ]
      NetworkRequest [ REQUEST id=564, [ Transports: CELLULAR Capabilities: INTERNET&NOT_RESTRICTED&TRUSTED&NOT_VPN&NOT_VCN_MANAGED&NOT_BANDWIDTH_CONSTRAINED Uid: 10334 RequestorUid: 10334 RequestorPkg: com.taobao.taobao UnderlyingNetworks: Null] ]
      NetworkRequest [ REQUEST id=567, [ Capabilities: INTERNET&NOT_RESTRICTED&TRUSTED&NOT_VCN_MANAGED&NOT_BANDWIDTH_CONSTRAINED Uid: 10334 RequestorUid: 10334 RequestorPkg: com.taobao.taobao UnderlyingNetworks: Null] ]
      NetworkRequest [ LISTEN id=568, [ Capabilities: INTERNET&NOT_RESTRICTED&TRUSTED&NOT_VPN&NOT_VCN_MANAGED&NOT_BANDWIDTH_CONSTRAINED Uid: 10334 RequestorUid: 10334 RequestorPkg: com.taobao.taobao UnderlyingNetworks: Null] ]
      NetworkRequest [ REQUEST id=573, [ Capabilities: INTERNET&NOT_RESTRICTED&TRUSTED&NOT_VCN_MANAGED&NOT_BANDWIDTH_CONSTRAINED Uid: 10334 RequestorUid: 10334 RequestorPkg: com.taobao.taobao UnderlyingNetworks: Null] ]
      NetworkRequest [ LISTEN id=574, [ Capabilities: INTERNET&NOT_RESTRICTED&TRUSTED&NOT_VCN_MANAGED&NOT_BANDWIDTH_CONSTRAINED Uid: 10334 RequestorUid: 10334 RequestorPkg: com.taobao.taobao UnderlyingNetworks: Null] ]
      NetworkRequest [ LISTEN id=575, [ Capabilities: NOT_RESTRICTED&TRUSTED&NOT_VPN&NOT_VCN_MANAGED&NOT_BANDWIDTH_CONSTRAINED Uid: 10334 RequestorUid: 10334 RequestorPkg: com.taobao.taobao UnderlyingNetworks: Null] ]
      NetworkRequest [ REQUEST id=581, [ Capabilities: INTERNET&NOT_RESTRICTED&TRUSTED&NOT_VCN_MANAGED&NOT_BANDWIDTH_CONSTRAINED Uid: 10164 RequestorUid: 10164 RequestorPkg: com.miui.gallery UnderlyingNetworks: Null] ]
      NetworkRequest [ REQUEST id=583, [ Capabilities: INTERNET&NOT_RESTRICTED&TRUSTED&NOT_VCN_MANAGED&NOT_BANDWIDTH_CONSTRAINED Uid: 10228 RequestorUid: 10228 RequestorPkg: com.google.android.apps.photos UnderlyingNetworks: Null] ]
      NetworkRequest [ LISTEN id=584, [ Capabilities: INTERNET&NOT_RESTRICTED&TRUSTED&NOT_VCN_MANAGED&NOT_BANDWIDTH_CONSTRAINED Uid: 10228 RequestorUid: 10228 RequestorPkg: com.google.android.apps.photos UnderlyingNetworks: Null] ]
      NetworkRequest [ REQUEST id=586, [ Capabilities: INTERNET&NOT_RESTRICTED&TRUSTED&NOT_VCN_MANAGED&NOT_BANDWIDTH_CONSTRAINED Uid: 10164 RequestorUid: 1000 RequestorPkg: android UnderlyingNetworks: Null] ]
      NetworkRequest [ REQUEST id=588, [ Capabilities: INTERNET&NOT_RESTRICTED&TRUSTED&NOT_VCN_MANAGED&NOT_BANDWIDTH_CONSTRAINED Uid: 10164 RequestorUid: 10164 RequestorPkg: com.miui.gallery UnderlyingNetworks: Null] ]
      NetworkRequest [ REQUEST id=590, [ Capabilities: INTERNET&NOT_RESTRICTED&TRUSTED&NOT_VCN_MANAGED&NOT_BANDWIDTH_CONSTRAINED Uid: 10228 RequestorUid: 10228 RequestorPkg: com.google.android.apps.photos UnderlyingNetworks: Null] ]
      NetworkRequest [ REQUEST id=593, [ Capabilities: INTERNET&NOT_RESTRICTED&TRUSTED&NOT_VCN_MANAGED&NOT_BANDWIDTH_CONSTRAINED Uid: 10183 RequestorUid: 10183 RequestorPkg: com.google.android.googlequicksearchbox UnderlyingNetworks: Null] ]
      NetworkRequest [ REQUEST id=595, [ Capabilities: INTERNET&NOT_RESTRICTED&TRUSTED&NOT_VCN_MANAGED&NOT_BANDWIDTH_CONSTRAINED Uid: 10193 RequestorUid: 10193 RequestorPkg: com.google.android.inputmethod.latin UnderlyingNetworks: Null] ]
      NetworkRequest [ REQUEST id=603, [ Capabilities: INTERNET&NOT_RESTRICTED&TRUSTED&NOT_VCN_MANAGED&NOT_BANDWIDTH_CONSTRAINED Uid: 10192 RequestorUid: 1000 RequestorPkg: android UnderlyingNetworks: Null] ]
      NetworkRequest [ REQUEST id=655, [ Capabilities: INTERNET&NOT_RESTRICTED&TRUSTED&NOT_VCN_MANAGED&NOT_BANDWIDTH_CONSTRAINED Uid: 10168 RequestorUid: 10168 RequestorPkg: com.google.android.apps.safetyhub UnderlyingNetworks: Null] ]
      NetworkRequest [ TRACK_DEFAULT id=660, [ Capabilities: INTERNET&NOT_RESTRICTED&TRUSTED&NOT_VCN_MANAGED&NOT_BANDWIDTH_CONSTRAINED Uid: 10184 RequestorUid: 10184 RequestorPkg: com.google.android.apps.messaging UnderlyingNetworks: Null] ]
      NetworkRequest [ LISTEN id=663, [ Capabilities: INTERNET&NOT_RESTRICTED&TRUSTED&NOT_VCN_MANAGED&NOT_BANDWIDTH_CONSTRAINED Uid: 10184 RequestorUid: 10184 RequestorPkg: com.google.android.apps.messaging UnderlyingNetworks: Null] ]
      NetworkRequest [ REQUEST id=742, [ Capabilities: INTERNET&NOT_RESTRICTED&TRUSTED&NOT_VCN_MANAGED&NOT_BANDWIDTH_CONSTRAINED Uid: 10330 RequestorUid: 10330 RequestorPkg: com.openai.chatgpt UnderlyingNetworks: Null] ]
      NetworkRequest [ LISTEN id=743, [ Capabilities: INTERNET&NOT_RESTRICTED&TRUSTED&NOT_VCN_MANAGED&NOT_BANDWIDTH_CONSTRAINED Uid: 10330 RequestorUid: 10330 RequestorPkg: com.openai.chatgpt UnderlyingNetworks: Null] ]
      NetworkRequest [ REQUEST id=796, [ Capabilities: INTERNET&NOT_RESTRICTED&TRUSTED&NOT_VCN_MANAGED&NOT_BANDWIDTH_CONSTRAINED Uid: 10177 RequestorUid: 10177 RequestorPkg: com.google.android.dialer UnderlyingNetworks: Null] ]
      NetworkRequest [ REQUEST id=798, [ Capabilities: INTERNET&NOT_RESTRICTED&TRUSTED&NOT_VCN_MANAGED&NOT_BANDWIDTH_CONSTRAINED Uid: 10177 RequestorUid: 10177 RequestorPkg: com.google.android.dialer UnderlyingNetworks: Null] ]
      NetworkRequest [ LISTEN id=799, [ Capabilities: INTERNET&NOT_RESTRICTED&TRUSTED&NOT_VCN_MANAGED&NOT_BANDWIDTH_CONSTRAINED Uid: 10177 RequestorUid: 10177 RequestorPkg: com.google.android.dialer UnderlyingNetworks: Null] ]
      NetworkRequest [ REQUEST id=867, [ Capabilities: INTERNET&NOT_RESTRICTED&TRUSTED&NOT_VCN_MANAGED&NOT_BANDWIDTH_CONSTRAINED Uid: 1000 RequestorUid: 1000 RequestorPkg: com.android.systemui UnderlyingNetworks: Null] ]
      NetworkRequest [ LISTEN id=868, [ Capabilities: NOT_RESTRICTED&TRUSTED&NOT_VPN&NOT_VCN_MANAGED&NOT_BANDWIDTH_CONSTRAINED Forbidden: LOCAL_NETWORK Uid: 1000 RequestorUid: 1000 RequestorPkg: com.android.systemui UnderlyingNetworks: Null] ]
      NetworkRequest [ REQUEST id=871, [ Capabilities: INTERNET&NOT_RESTRICTED&TRUSTED&NOT_VCN_MANAGED&NOT_BANDWIDTH_CONSTRAINED Uid: 1000 RequestorUid: 1000 RequestorPkg: com.android.systemui UnderlyingNetworks: Null] ]
      NetworkRequest [ LISTEN id=873, [ Transports: CELLULAR|WIFI Capabilities: NOT_VPN Forbidden: LOCAL_NETWORK RequestorUid: 1000 RequestorPkg: com.android.systemui UnderlyingNetworks: Null] ]
      NetworkRequest [ REQUEST id=875, [ Capabilities: INTERNET&NOT_RESTRICTED&TRUSTED&NOT_VCN_MANAGED&NOT_BANDWIDTH_CONSTRAINED Uid: 1000 RequestorUid: 1000 RequestorPkg: com.android.systemui UnderlyingNetworks: Null] ]
      NetworkRequest [ REQUEST id=877, [ Capabilities: INTERNET&NOT_RESTRICTED&TRUSTED&NOT_VCN_MANAGED&NOT_BANDWIDTH_CONSTRAINED Uid: 1000 RequestorUid: 1000 RequestorPkg: com.android.systemui UnderlyingNetworks: Null] ]
      NetworkRequest [ LISTEN id=880, [ Forbidden: LOCAL_NETWORK RequestorUid: 1000 RequestorPkg: com.android.systemui UnderlyingNetworks: Null] ]
      NetworkRequest [ LISTEN id=881, [ Capabilities: INTERNET&NOT_RESTRICTED&TRUSTED&NOT_VPN&VALIDATED&NOT_SUSPENDED&NOT_VCN_MANAGED&NOT_BANDWIDTH_CONSTRAINED Uid: 10183 RequestorUid: 10183 RequestorPkg: com.google.android.googlequicksearchbox UnderlyingNetworks: Null] ]
      NetworkRequest [ REQUEST id=883, [ Capabilities: INTERNET&NOT_RESTRICTED&TRUSTED&NOT_VCN_MANAGED&NOT_BANDWIDTH_CONSTRAINED Uid: 10183 RequestorUid: 10183 RequestorPkg: com.google.android.googlequicksearchbox UnderlyingNetworks: Null] ]
      NetworkRequest [ REQUEST id=885, [ Capabilities: INTERNET&NOT_RESTRICTED&TRUSTED&NOT_VCN_MANAGED&NOT_BANDWIDTH_CONSTRAINED Uid: 10331 RequestorUid: 10331 RequestorPkg: com.tencent.wework UnderlyingNetworks: Null] ]
      NetworkRequest [ LISTEN id=886, [ Capabilities: INTERNET&NOT_RESTRICTED&TRUSTED&NOT_VCN_MANAGED&NOT_BANDWIDTH_CONSTRAINED Forbidden: LOCAL_NETWORK Uid: 10331 RequestorUid: 10331 RequestorPkg: com.tencent.wework UnderlyingNetworks: Null] ]
      NetworkRequest [ LISTEN id=894, [ Capabilities: INTERNET&NOT_RESTRICTED&TRUSTED&NOT_VPN&NOT_VCN_MANAGED&NOT_BANDWIDTH_CONSTRAINED Uid: 10307 RequestorUid: 10307 RequestorPkg: com.xiaomi.smarthome UnderlyingNetworks: Null] ]
      NetworkRequest [ REQUEST id=896, [ Capabilities: INTERNET&NOT_RESTRICTED&TRUSTED&NOT_VCN_MANAGED&NOT_BANDWIDTH_CONSTRAINED Uid: 10307 RequestorUid: 10307 RequestorPkg: com.xiaomi.smarthome UnderlyingNetworks: Null] ]
      NetworkRequest [ LISTEN id=897, [ Capabilities: INTERNET&NOT_RESTRICTED&TRUSTED&NOT_VPN&NOT_VCN_MANAGED&NOT_BANDWIDTH_CONSTRAINED Uid: 10307 RequestorUid: 10307 RequestorPkg: com.xiaomi.smarthome UnderlyingNetworks: Null] ]
      NetworkRequest [ LISTEN id=899, [ Capabilities: NOT_RESTRICTED&TRUSTED&NOT_VPN&NOT_VCN_MANAGED&NOT_BANDWIDTH_CONSTRAINED Uid: 10307 RequestorUid: 10307 RequestorPkg: com.xiaomi.smarthome UnderlyingNetworks: Null] ]
      NetworkRequest [ LISTEN id=907, [ Transports: CELLULAR|WIFI Capabilities: NOT_RESTRICTED&TRUSTED&NOT_VPN&FOREGROUND&NOT_VCN_MANAGED&NOT_BANDWIDTH_CONSTRAINED Forbidden: LOCAL_NETWORK Uid: 10306 RequestorUid: 10306 RequestorPkg: bin.mt.plus UnderlyingNetworks: Null] ]
      NetworkRequest [ LISTEN id=916, [ Capabilities: INTERNET&NOT_RESTRICTED&TRUSTED&NOT_VPN&NOT_VCN_MANAGED&NOT_BANDWIDTH_CONSTRAINED Uid: 10146 RequestorUid: 10146 RequestorPkg: com.google.android.projection.gearhead UnderlyingNetworks: Null] ]
    Inactivity Timers:
  NetworkAgentInfo{network{230}  handle{991248175117}  ni{MOBILE[NR] CONNECTING extra: ims} created=2026-09-04T16:22:17.114Z Score(Policies : IS_UNMETERED ; KeepConnected : 0)  created 16440592  lp{{LinkAddresses: [ ] DnsAddresses: [ ] Domains: null MTU: 0 Routes: [ ]}}  nc{[ Transports: CELLULAR Capabilities: IMS&NOT_METERED&TRUSTED&NOT_VPN&NOT_ROAMING&FOREGROUND&NOT_CONGESTED&NOT_SUSPENDED&NOT_VCN_MANAGED&MMTEL&NOT_BANDWIDTH_CONSTRAINED LinkUpBandwidth>=14Kbps LinkDnBandwidth>=14Kbps Specifier: <TelephonyNetworkSpecifier [mSubId = 2]> SubscriptionIds: {2} UnderlyingNetworks: Null]}  factorySerialNumber=7}
    Nat464Xlat:
      <not started>
    Requests: REQUEST:0 LISTEN:0 BACKGROUND_REQUEST:0 total:0
    Inactivity Timers:

Status for known UIDs:
  UID=10107 blockedReasons=42
  UID=10114 blockedReasons=42
  UID=10134 blockedReasons=2
  UID=10146 blockedReasons=46
  UID=10155 blockedReasons=2
  UID=10162 blockedReasons=42
  UID=10163 blockedReasons=42
  UID=10164 blockedReasons=42
  UID=10169 blockedReasons=42
  UID=10171 blockedReasons=40
  UID=10172 blockedReasons=2
  UID=10176 blockedReasons=42
  UID=10177 blockedReasons=42
  UID=10183 blockedReasons=42
  UID=10192 blockedReasons=42
  UID=10200 blockedReasons=42
  UID=10219 blockedReasons=42
  UID=10228 blockedReasons=42
  UID=10236 blockedReasons=42
  UID=10239 blockedReasons=46
  UID=10240 blockedReasons=46
  UID=10304 blockedReasons=42
  UID=10306 blockedReasons=42
  UID=10307 blockedReasons=42
  UID=10327 blockedReasons=46
  UID=10330 blockedReasons=46
  UID=10331 blockedReasons=46
  UID=10334 blockedReasons=2
  UID=10363 blockedReasons=42
  UID=10374 blockedReasons=46
  UID=10379 blockedReasons=42
  UID=10385 blockedReasons=46
  UID=10399 blockedReasons=6
  UID=10414 blockedReasons=46
  
Network Requests:
  uid/pid:1000/2793 activeRequest: 1 callbackRequest: 1 [NetworkRequest [ REQUEST id=1, [ Capabilities: INTERNET&NOT_RESTRICTED&TRUSTED&NOT_VPN&NOT_VCN_MANAGED&NOT_BANDWIDTH_CONSTRAINED RequestorUid: 1000 RequestorPkg: android UnderlyingNetworks: Null] ]] callback flags: 0 order: 2147483647 isUidTracked: false declaredMethods: NONE
  uid/pid:1000/2793 activeRequest: 2 callbackRequest: 2 [NetworkRequest [ BACKGROUND_REQUEST id=2, [ Transports: CELLULAR Capabilities: INTERNET&NOT_RESTRICTED&TRUSTED&NOT_VPN&NOT_VCN_MANAGED&NOT_BANDWIDTH_CONSTRAINED RequestorUid: 1000 RequestorPkg: android UnderlyingNetworks: Null] ]] callback flags: 0 order: 2147483647 isUidTracked: false declaredMethods: NONE
  uid/pid:1000/2793 activeRequest: null callbackRequest: 5 [NetworkRequest [ LISTEN id=5, [ Capabilities: FOREGROUND Forbidden: LOCAL_NETWORK RequestorUid: 1000 RequestorPkg: android UnderlyingNetworks: Null] ]] callback flags: 0 order: 2147483647 isUidTracked: true declaredMethods: AVAIL|LOST|NC
  uid/pid:1000/2793 activeRequest: 6 callbackRequest: 6 [NetworkRequest [ TRACK_DEFAULT id=6, [ Capabilities: INTERNET&NOT_RESTRICTED&TRUSTED&NOT_VCN_MANAGED&NOT_BANDWIDTH_CONSTRAINED Uid: 1000 RequestorUid: 1000 RequestorPkg: android UnderlyingNetworks: Null] ]] callback flags: 0 order: 2147483647 isUidTracked: true declaredMethods: AVAIL|LOST|NC
  uid/pid:1000/2793 activeRequest: null callbackRequest: 8 [NetworkRequest [ LISTEN id=8, [ Capabilities: NOT_RESTRICTED&TRUSTED&NOT_VPN&FOREGROUND&NOT_VCN_MANAGED&NOT_BANDWIDTH_CONSTRAINED Forbidden: LOCAL_NETWORK Uid: 1000 RequestorUid: 1000 RequestorPkg: android UnderlyingNetworks: Null] ]] callback flags: 0 order: 2147483647 isUidTracked: true declaredMethods: AVAIL|LOST
  uid/pid:1000/2793 activeRequest: null callbackRequest: 9 [NetworkRequest [ LISTEN id=9, [ Capabilities: FOREGROUND Forbidden: LOCAL_NETWORK RequestorUid: 1000 RequestorPkg: android UnderlyingNetworks: Null] ]] callback flags: 0 order: 2147483647 isUidTracked: true declaredMethods: AVAIL|LOST|NC
  uid/pid:1000/2793 activeRequest: 10 callbackRequest: 10 [NetworkRequest [ TRACK_DEFAULT id=10, [ Capabilities: INTERNET&NOT_RESTRICTED&TRUSTED&NOT_VCN_MANAGED&NOT_BANDWIDTH_CONSTRAINED Uid: 1000 RequestorUid: 1000 RequestorPkg: android UnderlyingNetworks: Null] ]] callback flags: 1 order: 2147483647 isUidTracked: true declaredMethods: AVAIL|LOST
  uid/pid:1000/2793 activeRequest: 13 callbackRequest: 13 [NetworkRequest [ TRACK_DEFAULT id=13, [ Capabilities: INTERNET&NOT_RESTRICTED&TRUSTED&NOT_VCN_MANAGED&NOT_BANDWIDTH_CONSTRAINED Uid: 1000 RequestorUid: 1000 RequestorPkg: android UnderlyingNetworks: Null] ]] callback flags: 1 order: 2147483647 isUidTracked: true declaredMethods: AVAIL|LOST|NC
  uid/pid:1000/2793 activeRequest: 15 callbackRequest: 15 [NetworkRequest [ TRACK_DEFAULT id=15, [ Capabilities: INTERNET&NOT_RESTRICTED&TRUSTED&NOT_VCN_MANAGED&NOT_BANDWIDTH_CONSTRAINED Uid: 1000 RequestorUid: 1000 RequestorPkg: android UnderlyingNetworks: Null] ]] callback flags: 1 order: 2147483647 isUidTracked: true declaredMethods: AVAIL|LOST
  uid/pid:1000/2793 activeRequest: null callbackRequest: 18 [NetworkRequest [ LISTEN id=18, [ Transports: WIFI Capabilities: NOT_VPN&FOREGROUND Forbidden: LOCAL_NETWORK RequestorUid: 1000 RequestorPkg: android UnderlyingNetworks: Null] ]] callback flags: 1 order: 2147483647 isUidTracked: true declaredMethods: AVAIL|LOST
  uid/pid:1000/2793 activeRequest: null callbackRequest: 19 [NetworkRequest [ LISTEN id=19, [ Capabilities: NOT_RESTRICTED&TRUSTED&NOT_VPN&FOREGROUND&NOT_VCN_MANAGED&NOT_BANDWIDTH_CONSTRAINED Forbidden: LOCAL_NETWORK Uid: 1000 RequestorUid: 1000 RequestorPkg: android UnderlyingNetworks: Null] ]] callback flags: 0 order: 2147483647 isUidTracked: true declaredMethods: AVAIL|LOST
  uid/pid:1000/2793 activeRequest: 20 callbackRequest: 20 [NetworkRequest [ TRACK_DEFAULT id=20, [ Capabilities: INTERNET&NOT_RESTRICTED&TRUSTED&NOT_VCN_MANAGED&NOT_BANDWIDTH_CONSTRAINED Uid: 1000 RequestorUid: 1000 RequestorPkg: android UnderlyingNetworks: Null] ]] callback flags: 0 order: 2147483647 isUidTracked: true declaredMethods: AVAIL|LOST
  uid/pid:1000/2793 activeRequest: null callbackRequest: 23 [NetworkRequest [ LISTEN id=23, [ Capabilities: NOT_RESTRICTED&TRUSTED&NOT_VPN&FOREGROUND&NOT_VCN_MANAGED&NOT_BANDWIDTH_CONSTRAINED Forbidden: LOCAL_NETWORK Uid: 1000 RequestorUid: 1000 RequestorPkg: android UnderlyingNetworks: Null] ]] callback flags: 0 order: 2147483647 isUidTracked: true declaredMethods: AVAIL|LOST|NC|LP
  uid/pid:1000/2793 activeRequest: 24 callbackRequest: 24 [NetworkRequest [ TRACK_DEFAULT id=24, [ Capabilities: INTERNET&NOT_RESTRICTED&TRUSTED&NOT_VPN&NOT_VCN_MANAGED&NOT_BANDWIDTH_CONSTRAINED Uid: 10159 RequestorUid: 1000 RequestorPkg: android UnderlyingNetworks: Null] ], NetworkRequest [ REQUEST id=25, [ Transports: SATELLITE Capabilities: INTERNET&NOT_RESTRICTED&TRUSTED&NOT_VPN&NOT_VCN_MANAGED Uid: 10159 UnderlyingNetworks: Null] ]] callback flags: 0 order: 40 isUidTracked: false declaredMethods: NONE
  uid/pid:1000/2793 activeRequest: 26 callbackRequest: 26 [NetworkRequest [ TRACK_DEFAULT id=26, [ Capabilities: INTERNET&NOT_RESTRICTED&TRUSTED&NOT_VPN&NOT_VCN_MANAGED&NOT_BANDWIDTH_CONSTRAINED Uid: 10184 RequestorUid: 1000 RequestorPkg: android UnderlyingNetworks: Null] ], NetworkRequest [ REQUEST id=27, [ Transports: SATELLITE Capabilities: INTERNET&TRUSTED&NOT_VPN&NOT_VCN_MANAGED Uid: 10184 UnderlyingNetworks: Null] ], NetworkRequest [ REQUEST id=28, [ Transports: SATELLITE Capabilities: INTERNET&NOT_RESTRICTED&TRUSTED&NOT_VPN&NOT_VCN_MANAGED Uid: 10184 UnderlyingNetworks: Null] ]] callback flags: 0 order: 40 isUidTracked: false declaredMethods: NONE
  uid/pid:1000/2793 activeRequest: null callbackRequest: 29 [NetworkRequest [ LISTEN id=29, [ Forbidden: LOCAL_NETWORK RequestorUid: 1000 RequestorPkg: android UnderlyingNetworks: Null] ]] callback flags: 0 order: 2147483647 isUidTracked: true declaredMethods: AVAIL|LOST|NC|LP
  uid/pid:1000/2793 activeRequest: null callbackRequest: 30 [NetworkRequest [ LISTEN id=30, [ Transports: CELLULAR Capabilities: INTERNET&NOT_RESTRICTED&TRUSTED&NOT_VPN&NOT_VCN_MANAGED&NOT_BANDWIDTH_CONSTRAINED Forbidden: LOCAL_NETWORK Uid: 1000 RequestorUid: 1000 RequestorPkg: android UnderlyingNetworks: Null] ]] callback flags: 0 order: 2147483647 isUidTracked: true declaredMethods: AVAIL|LOST|NC
  uid/pid:1000/2793 activeRequest: 32 callbackRequest: 31 [NetworkRequest [ REQUEST id=32, [ Capabilities: INTERNET&NOT_RESTRICTED&TRUSTED&NOT_VCN_MANAGED&NOT_BANDWIDTH_CONSTRAINED Uid: 1000 RequestorUid: 1000 RequestorPkg: android UnderlyingNetworks: Null] ]] callback flags: 0 order: 2147483647 isUidTracked: true declaredMethods: AVAIL|LOST|NC|LP
  uid/pid:1000/2793 asUid: 10363 activeRequest: 34 callbackRequest: 33 [NetworkRequest [ REQUEST id=34, [ Capabilities: INTERNET&NOT_RESTRICTED&TRUSTED&NOT_VCN_MANAGED&NOT_BANDWIDTH_CONSTRAINED Uid: 10363 RequestorUid: 1000 RequestorPkg: android UnderlyingNetworks: Null] ]] callback flags: 0 order: 2147483647 isUidTracked: true declaredMethods: AVAIL|LOST|BLK
  uid/pid:1000/2793 asUid: 10245 activeRequest: 36 callbackRequest: 35 [NetworkRequest [ REQUEST id=36, [ Capabilities: INTERNET&NOT_RESTRICTED&TRUSTED&NOT_VCN_MANAGED&NOT_BANDWIDTH_CONSTRAINED Uid: 10245 RequestorUid: 1000 RequestorPkg: android UnderlyingNetworks: Null] ]] callback flags: 0 order: 2147483647 isUidTracked: true declaredMethods: AVAIL|LOST|BLK
  uid/pid:1000/2793 asUid: 10240 activeRequest: 38 callbackRequest: 37 [NetworkRequest [ REQUEST id=38, [ Capabilities: INTERNET&NOT_RESTRICTED&TRUSTED&NOT_VCN_MANAGED&NOT_BANDWIDTH_CONSTRAINED Uid: 10240 RequestorUid: 1000 RequestorPkg: android UnderlyingNetworks: Null] ]] callback flags: 0 order: 2147483647 isUidTracked: true declaredMethods: AVAIL|LOST|BLK
  uid/pid:1000/2793 asUid: 10239 activeRequest: 40 callbackRequest: 39 [NetworkRequest [ REQUEST id=40, [ Capabilities: INTERNET&NOT_RESTRICTED&TRUSTED&NOT_VCN_MANAGED&NOT_BANDWIDTH_CONSTRAINED Uid: 10239 RequestorUid: 1000 RequestorPkg: android UnderlyingNetworks: Null] ]] callback flags: 0 order: 2147483647 isUidTracked: true declaredMethods: AVAIL|LOST|BLK
  uid/pid:1000/2793 asUid: 10228 activeRequest: 42 callbackRequest: 41 [NetworkRequest [ REQUEST id=42, [ Capabilities: INTERNET&NOT_RESTRICTED&TRUSTED&NOT_VCN_MANAGED&NOT_BANDWIDTH_CONSTRAINED Uid: 10228 RequestorUid: 1000 RequestorPkg: android UnderlyingNetworks: Null] ]] callback flags: 0 order: 2147483647 isUidTracked: true declaredMethods: AVAIL|LOST|BLK
  uid/pid:1000/2793 asUid: 10206 activeRequest: 44 callbackRequest: 43 [NetworkRequest [ REQUEST id=44, [ Capabilities: INTERNET&NOT_RESTRICTED&TRUSTED&NOT_VCN_MANAGED&NOT_BANDWIDTH_CONSTRAINED Uid: 10206 RequestorUid: 1000 RequestorPkg: android UnderlyingNetworks: Null] ]] callback flags: 0 order: 2147483647 isUidTracked: true declaredMethods: AVAIL|LOST|BLK
  uid/pid:1000/2793 asUid: 10204 activeRequest: 46 callbackRequest: 45 [NetworkRequest [ REQUEST id=46, [ Capabilities: INTERNET&NOT_RESTRICTED&TRUSTED&NOT_VCN_MANAGED&NOT_BANDWIDTH_CONSTRAINED Uid: 10204 RequestorUid: 1000 RequestorPkg: android UnderlyingNetworks: Null] ]] callback flags: 0 order: 2147483647 isUidTracked: true declaredMethods: AVAIL|LOST|BLK
  uid/pid:1000/2793 activeRequest: null callbackRequest: 47 [NetworkRequest [ LISTEN id=47, [ Capabilities: INTERNET&NOT_RESTRICTED&TRUSTED&VALIDATED&NOT_VCN_MANAGED&NOT_BANDWIDTH_CONSTRAINED Forbidden: LOCAL_NETWORK Uid: 1000 RequestorUid: 1000 RequestorPkg: android UnderlyingNetworks: Null] ]] callback flags: 0 order: 2147483647 isUidTracked: true declaredMethods: AVAIL|LOST|NC
  uid/pid:1000/2793 activeRequest: null callbackRequest: 48 [NetworkRequest [ LISTEN id=48, [ Transports: SATELLITE Capabilities: INTERNET Forbidden: LOCAL_NETWORK RequestorUid: 1000 RequestorPkg: android UnderlyingNetworks: Null] ]] callback flags: 0 order: 2147483647 isUidTracked: true declaredMethods: LOST
  uid/pid:1000/2793 asUid: 10200 activeRequest: 50 callbackRequest: 49 [NetworkRequest [ REQUEST id=50, [ Capabilities: INTERNET&NOT_RESTRICTED&TRUSTED&NOT_VCN_MANAGED&NOT_BANDWIDTH_CONSTRAINED Uid: 10200 RequestorUid: 1000 RequestorPkg: android UnderlyingNetworks: Null] ]] callback flags: 0 order: 2147483647 isUidTracked: true declaredMethods: AVAIL|LOST|BLK
  uid/pid:1000/2793 asUid: 10171 activeRequest: 52 callbackRequest: 51 [NetworkRequest [ REQUEST id=52, [ Capabilities: INTERNET&NOT_RESTRICTED&TRUSTED&NOT_VCN_MANAGED&NOT_BANDWIDTH_CONSTRAINED Uid: 10171 RequestorUid: 1000 RequestorPkg: android UnderlyingNetworks: Null] ]] callback flags: 0 order: 2147483647 isUidTracked: true declaredMethods: AVAIL|LOST|BLK
  uid/pid:1000/2793 asUid: 10169 activeRequest: 54 callbackRequest: 53 [NetworkRequest [ REQUEST id=54, [ Capabilities: INTERNET&NOT_RESTRICTED&TRUSTED&NOT_VCN_MANAGED&NOT_BANDWIDTH_CONSTRAINED Uid: 10169 RequestorUid: 1000 RequestorPkg: android UnderlyingNetworks: Null] ]] callback flags: 0 order: 2147483647 isUidTracked: true declaredMethods: AVAIL|LOST|BLK
  uid/pid:1000/2793 asUid: 10168 activeRequest: 56 callbackRequest: 55 [NetworkRequest [ REQUEST id=56, [ Capabilities: INTERNET&NOT_RESTRICTED&TRUSTED&NOT_VCN_MANAGED&NOT_BANDWIDTH_CONSTRAINED Uid: 10168 RequestorUid: 1000 RequestorPkg: android UnderlyingNetworks: Null] ]] callback flags: 0 order: 2147483647 isUidTracked: true declaredMethods: AVAIL|LOST|BLK
  uid/pid:1000/2793 asUid: 10163 activeRequest: 58 callbackRequest: 57 [NetworkRequest [ REQUEST id=58, [ Capabilities: INTERNET&NOT_RESTRICTED&TRUSTED&NOT_VCN_MANAGED&NOT_BANDWIDTH_CONSTRAINED Uid: 10163 RequestorUid: 1000 RequestorPkg: android UnderlyingNetworks: Null] ]] callback flags: 0 order: 2147483647 isUidTracked: true declaredMethods: AVAIL|LOST|BLK
  uid/pid:1000/2793 asUid: 10158 activeRequest: 60 callbackRequest: 59 [NetworkRequest [ REQUEST id=60, [ Capabilities: INTERNET&NOT_RESTRICTED&TRUSTED&NOT_VCN_MANAGED&NOT_BANDWIDTH_CONSTRAINED Uid: 10158 RequestorUid: 1000 RequestorPkg: android UnderlyingNetworks: Null] ]] callback flags: 0 order: 2147483647 isUidTracked: true declaredMethods: AVAIL|LOST|BLK
  uid/pid:1000/2793 asUid: 10134 activeRequest: 62 callbackRequest: 61 [NetworkRequest [ REQUEST id=62, [ Capabilities: INTERNET&NOT_RESTRICTED&TRUSTED&NOT_VCN_MANAGED&NOT_BANDWIDTH_CONSTRAINED Uid: 10134 RequestorUid: 1000 RequestorPkg: android UnderlyingNetworks: Null] ]] callback flags: 0 order: 2147483647 isUidTracked: true declaredMethods: AVAIL|LOST|BLK
  uid/pid:1000/2793 asUid: 10107 activeRequest: 64 callbackRequest: 63 [NetworkRequest [ REQUEST id=64, [ Capabilities: INTERNET&NOT_RESTRICTED&TRUSTED&NOT_VCN_MANAGED&NOT_BANDWIDTH_CONSTRAINED Uid: 10107 RequestorUid: 1000 RequestorPkg: android UnderlyingNetworks: Null] ]] callback flags: 0 order: 2147483647 isUidTracked: true declaredMethods: AVAIL|LOST|BLK
  uid/pid:1000/2793 asUid: 6102 activeRequest: 66 callbackRequest: 65 [NetworkRequest [ REQUEST id=66, [ Capabilities: INTERNET&NOT_RESTRICTED&TRUSTED&NOT_VCN_MANAGED&NOT_BANDWIDTH_CONSTRAINED Uid: 6102 RequestorUid: 1000 RequestorPkg: android UnderlyingNetworks: Null] ]] callback flags: 0 order: 2147483647 isUidTracked: true declaredMethods: AVAIL|LOST|BLK
  uid/pid:1000/2793 asUid: 6101 activeRequest: 68 callbackRequest: 67 [NetworkRequest [ REQUEST id=68, [ Capabilities: INTERNET&NOT_RESTRICTED&TRUSTED&NOT_VCN_MANAGED&NOT_BANDWIDTH_CONSTRAINED Uid: 6101 RequestorUid: 1000 RequestorPkg: android UnderlyingNetworks: Null] ]] callback flags: 0 order: 2147483647 isUidTracked: true declaredMethods: AVAIL|LOST|BLK
  uid/pid:1000/2793 activeRequest: 70 callbackRequest: 69 [NetworkRequest [ REQUEST id=70, [ Capabilities: INTERNET&NOT_RESTRICTED&TRUSTED&NOT_VCN_MANAGED&NOT_BANDWIDTH_CONSTRAINED Uid: 1000 RequestorUid: 1000 RequestorPkg: android UnderlyingNetworks: Null] ]] callback flags: 0 order: 2147483647 isUidTracked: true declaredMethods: AVAIL|LOST|BLK
  uid/pid:1000/2793 asUid: 10159 activeRequest: 72 callbackRequest: 71 [NetworkRequest [ TRACK_DEFAULT id=72, [ Capabilities: INTERNET&NOT_RESTRICTED&TRUSTED&NOT_VCN_MANAGED&NOT_BANDWIDTH_CONSTRAINED Uid: 10159 RequestorUid: 1000 RequestorPkg: android UnderlyingNetworks: Null] ], NetworkRequest [ REQUEST id=73, [ Transports: SATELLITE Capabilities: INTERNET&NOT_RESTRICTED&TRUSTED&NOT_VCN_MANAGED Uid: 10159 RequestorUid: 1000 RequestorPkg: android UnderlyingNetworks: Null] ]] callback flags: 0 order: 2147483647 isUidTracked: true declaredMethods: AVAIL|LOST|BLK
  uid/pid:1000/2793 asUid: 10399 activeRequest: 75 callbackRequest: 74 [NetworkRequest [ REQUEST id=75, [ Capabilities: INTERNET&NOT_RESTRICTED&TRUSTED&NOT_VCN_MANAGED&NOT_BANDWIDTH_CONSTRAINED Uid: 10399 RequestorUid: 1000 RequestorPkg: android UnderlyingNetworks: Null] ]] callback flags: 0 order: 2147483647 isUidTracked: true declaredMethods: AVAIL|LOST|BLK
  uid/pid:1000/2793 activeRequest: 77 callbackRequest: 76 [NetworkRequest [ REQUEST id=77, [ Capabilities: INTERNET&NOT_RESTRICTED&TRUSTED&NOT_VCN_MANAGED&NOT_BANDWIDTH_CONSTRAINED Uid: 1000 RequestorUid: 1000 RequestorPkg: android UnderlyingNetworks: Null] ]] callback flags: 0 order: 2147483647 isUidTracked: true declaredMethods: AVAIL|LOST
  uid/pid:1073/5078 activeRequest: 79 callbackRequest: 78 [NetworkRequest [ REQUEST id=79, [ Capabilities: INTERNET&NOT_RESTRICTED&TRUSTED&NOT_VCN_MANAGED&NOT_BANDWIDTH_CONSTRAINED Uid: 1073 RequestorUid: 1073 RequestorPkg: com.google.android.networkstack UnderlyingNetworks: Null] ]] callback flags: 0 order: 2147483647 isUidTracked: true declaredMethods: AVAIL|LOST
  uid/pid:1073/5078 activeRequest: null callbackRequest: 80 [NetworkRequest [ LISTEN id=80, [ Transports: WIFI Capabilities: NOT_RESTRICTED&TRUSTED&NOT_VPN&NOT_VCN_MANAGED&NOT_BANDWIDTH_CONSTRAINED Uid: 1073 RequestorUid: 1073 RequestorPkg: com.google.android.networkstack UnderlyingNetworks: Null] ]] callback flags: 0 order: 2147483647 isUidTracked: true declaredMethods: AVAIL|LOST|NC|LP
  uid/pid:1073/5078 activeRequest: 81 callbackRequest: 81 [NetworkRequest [ TRACK_SYSTEM_DEFAULT id=81, [ Capabilities: INTERNET&NOT_RESTRICTED&TRUSTED&NOT_VPN&NOT_VCN_MANAGED&NOT_BANDWIDTH_CONSTRAINED RequestorUid: 1073 RequestorPkg: com.google.android.networkstack.tethering UnderlyingNetworks: Null] ]] callback flags: 0 order: 2147483647 isUidTracked: true declaredMethods: AVAIL|LOST|NC|LP
  uid/pid:1000/2793 activeRequest: null callbackRequest: 82 [NetworkRequest [ LISTEN id=82, [ Transports: VPN Capabilities: NOT_RESTRICTED&TRUSTED&NOT_VCN_MANAGED&NOT_BANDWIDTH_CONSTRAINED Forbidden: LOCAL_NETWORK Uid: 1000 RequestorUid: 1000 RequestorPkg: android UnderlyingNetworks: Null] ]] callback flags: 0 order: 2147483647 isUidTracked: true declaredMethods: AVAIL|LOST
  uid/pid:1000/2793 activeRequest: null callbackRequest: 83 [NetworkRequest [ LISTEN id=83, [ Transports: WIFI Capabilities: NOT_RESTRICTED&TRUSTED&NOT_VPN&NOT_VCN_MANAGED&NOT_BANDWIDTH_CONSTRAINED Forbidden: LOCAL_NETWORK Uid: 1000 RequestorUid: 1000 RequestorPkg: android UnderlyingNetworks: Null] ]] callback flags: 0 order: 2147483647 isUidTracked: true declaredMethods: AVAIL|LOST
  uid/pid:1000/2793 activeRequest: null callbackRequest: 84 [NetworkRequest [ LISTEN id=84, [ Transports: CELLULAR Capabilities: INTERNET&NOT_RESTRICTED&TRUSTED&NOT_VPN&VALIDATED&NOT_VCN_MANAGED&NOT_BANDWIDTH_CONSTRAINED Forbidden: LOCAL_NETWORK Uid: 1000 RequestorUid: 1000 RequestorPkg: android UnderlyingNetworks: Null] ]] callback flags: 0 order: 2147483647 isUidTracked: true declaredMethods: AVAIL|LOST|NC|LP
  uid/pid:1000/2793 activeRequest: null callbackRequest: 85 [NetworkRequest [ LISTEN id=85, [ Transports: WIFI Capabilities: NOT_RESTRICTED&TRUSTED&NOT_VPN&NOT_VCN_MANAGED&NOT_BANDWIDTH_CONSTRAINED Forbidden: LOCAL_NETWORK Uid: 1000 RequestorUid: 1000 RequestorPkg: android UnderlyingNetworks: Null] ]] callback flags: 0 order: 2147483647 isUidTracked: true declaredMethods: AVAIL|LOST|NC|LP
  uid/pid:1000/2793 activeRequest: null callbackRequest: 86 [NetworkRequest [ LISTEN id=86, [ Transports: VPN Capabilities: NOT_RESTRICTED&TRUSTED&NOT_VCN_MANAGED&NOT_BANDWIDTH_CONSTRAINED Forbidden: LOCAL_NETWORK Uid: 1000 RequestorUid: 1000 RequestorPkg: android UnderlyingNetworks: Null] ]] callback flags: 0 order: 2147483647 isUidTracked: true declaredMethods: AVAIL|LOST
  uid/pid:1000/2793 activeRequest: 88 callbackRequest: 87 [NetworkRequest [ REQUEST id=88, [ Capabilities: INTERNET&NOT_RESTRICTED&TRUSTED&NOT_VCN_MANAGED&NOT_BANDWIDTH_CONSTRAINED Uid: 1000 RequestorUid: 1000 RequestorPkg: android UnderlyingNetworks: Null] ]] callback flags: 0 order: 2147483647 isUidTracked: true declaredMethods: AVAIL|LOST|NC|LP
  uid/pid:1000/2793 activeRequest: null callbackRequest: 89 [NetworkRequest [ LISTEN id=89, [ Capabilities: INTERNET&NOT_RESTRICTED&TRUSTED&NOT_VPN&NOT_VCN_MANAGED&NOT_BANDWIDTH_CONSTRAINED Forbidden: LOCAL_NETWORK Uid: 1000 RequestorUid: 1000 RequestorPkg: android UnderlyingNetworks: Null] ]] callback flags: 0 order: 2147483647 isUidTracked: true declaredMethods: AVAIL|LOST|NC|LP
  uid/pid:1001/5293 activeRequest: 90 callbackRequest: 90 [NetworkRequest [ TRACK_SYSTEM_DEFAULT id=90, [ Capabilities: INTERNET&NOT_RESTRICTED&TRUSTED&NOT_VPN&NOT_VCN_MANAGED&NOT_BANDWIDTH_CONSTRAINED RequestorUid: 1001 RequestorPkg: com.android.phone UnderlyingNetworks: Null] ]] callback flags: 0 order: 2147483647 isUidTracked: true declaredMethods: AVAIL|LOST|NC
  uid/pid:1001/5293 activeRequest: 91 callbackRequest: 91 [NetworkRequest [ TRACK_SYSTEM_DEFAULT id=91, [ Capabilities: INTERNET&NOT_RESTRICTED&TRUSTED&NOT_VPN&NOT_VCN_MANAGED&NOT_BANDWIDTH_CONSTRAINED RequestorUid: 1001 RequestorPkg: com.android.phone UnderlyingNetworks: Null] ]] callback flags: 0 order: 2147483647 isUidTracked: true declaredMethods: AVAIL|LOST|NC
  uid/pid:1001/5293 activeRequest: null callbackRequest: 92 [NetworkRequest [ LISTEN id=92, [ Transports: WIFI Capabilities: INTERNET&TRUSTED&NOT_VPN&NOT_VCN_MANAGED&NOT_BANDWIDTH_CONSTRAINED Forbidden: LOCAL_NETWORK Uid: 1001 RequestorUid: 1001 RequestorPkg: com.android.phone UnderlyingNetworks: Null] ]] callback flags: 0 order: 2147483647 isUidTracked: true declaredMethods: AVAIL|LOST
  uid/pid:1001/5293 activeRequest: 95 callbackRequest: 94 [NetworkRequest [ REQUEST id=95, [ Capabilities: INTERNET&NOT_RESTRICTED&TRUSTED&NOT_VCN_MANAGED&NOT_BANDWIDTH_CONSTRAINED Uid: 1001 RequestorUid: 1001 RequestorPkg: com.android.phone UnderlyingNetworks: Null] ]] callback flags: 0 order: 2147483647 isUidTracked: true declaredMethods: AVAIL|LOST|NC
  uid/pid:1001/5293 activeRequest: null callbackRequest: 98 [NetworkRequest [ LISTEN id=98, [ Transports: WIFI Capabilities: INTERNET&TRUSTED&NOT_VPN&NOT_VCN_MANAGED&NOT_BANDWIDTH_CONSTRAINED Forbidden: LOCAL_NETWORK Uid: 1001 RequestorUid: 1001 RequestorPkg: com.android.phone UnderlyingNetworks: Null] ]] callback flags: 0 order: 2147483647 isUidTracked: true declaredMethods: AVAIL|LOST
  uid/pid:1001/5293 activeRequest: 106 callbackRequest: 105 [NetworkRequest [ REQUEST id=106, [ Capabilities: INTERNET&NOT_RESTRICTED&TRUSTED&NOT_VCN_MANAGED&NOT_BANDWIDTH_CONSTRAINED Uid: 1001 RequestorUid: 1001 RequestorPkg: com.android.phone UnderlyingNetworks: Null] ]] callback flags: 0 order: 2147483647 isUidTracked: true declaredMethods: AVAIL|LOST|NC
  uid/pid:1001/5293 activeRequest: 108 callbackRequest: 107 [NetworkRequest [ REQUEST id=108, [ Capabilities: INTERNET&NOT_RESTRICTED&TRUSTED&NOT_VCN_MANAGED&NOT_BANDWIDTH_CONSTRAINED Uid: 1001 RequestorUid: 1001 RequestorPkg: com.android.phone UnderlyingNetworks: Null] ]] callback flags: 0 order: 2147483647 isUidTracked: true declaredMethods: AVAIL|LOST|NC
  uid/pid:1001/5293 activeRequest: null callbackRequest: 109 [NetworkRequest [ LISTEN id=109, [ Transports: WIFI Capabilities: INTERNET&NOT_RESTRICTED&TRUSTED&NOT_VPN&NOT_VCN_MANAGED&NOT_BANDWIDTH_CONSTRAINED Forbidden: LOCAL_NETWORK Uid: 1001 RequestorUid: 1001 RequestorPkg: com.android.phone UnderlyingNetworks: Null] ]] callback flags: 0 order: 2147483647 isUidTracked: true declaredMethods: AVAIL|LOST|NC
  uid/pid:1001/5293 activeRequest: null callbackRequest: 110 [NetworkRequest [ LISTEN id=110, [ Capabilities: INTERNET&NOT_RESTRICTED&TRUSTED&NOT_VPN&NOT_VCN_MANAGED&NOT_BANDWIDTH_CONSTRAINED Forbidden: LOCAL_NETWORK Uid: 1001 RequestorUid: 1001 RequestorPkg: com.android.phone UnderlyingNetworks: Null] ]] callback flags: 0 order: 2147483647 isUidTracked: true declaredMethods: AVAIL
  uid/pid:1002/6255 activeRequest: null callbackRequest: 117 [NetworkRequest [ LISTEN id=117, [ Transports: CELLULAR Capabilities: INTERNET&NOT_RESTRICTED&TRUSTED&NOT_VPN&VALIDATED&NOT_VCN_MANAGED&NOT_BANDWIDTH_CONSTRAINED Uid: 1002 RequestorUid: 1002 RequestorPkg: com.xiaomi.bluetooth UnderlyingNetworks: Null] ]] callback flags: 0 order: 2147483647 isUidTracked: true declaredMethods: AVAIL|LOST
  uid/pid:1002/6255 activeRequest: null callbackRequest: 118 [NetworkRequest [ LISTEN id=118, [ Transports: WIFI Capabilities: INTERNET&NOT_RESTRICTED&TRUSTED&NOT_VPN&VALIDATED&NOT_VCN_MANAGED&NOT_BANDWIDTH_CONSTRAINED Uid: 1002 RequestorUid: 1002 RequestorPkg: com.xiaomi.bluetooth UnderlyingNetworks: Null] ]] callback flags: 0 order: 2147483647 isUidTracked: true declaredMethods: AVAIL|LOST
  uid/pid:1000/2793 activeRequest: null callbackRequest: 120 [NetworkRequest [ LISTEN id=120, [ Capabilities: NOT_RESTRICTED&TRUSTED&NOT_VPN&VALIDATED&NOT_VCN_MANAGED&NOT_BANDWIDTH_CONSTRAINED Forbidden: LOCAL_NETWORK Uid: 1000 RequestorUid: 1000 RequestorPkg: android UnderlyingNetworks: Null] ]] callback flags: 0 order: 2147483647 isUidTracked: true declaredMethods: AVAIL|LOST
  uid/pid:1001/5293 activeRequest: null callbackRequest: 121 [NetworkRequest [ LISTEN id=121, [ Capabilities: NOT_RESTRICTED&TRUSTED&NOT_VPN&VALIDATED&NOT_VCN_MANAGED&NOT_BANDWIDTH_CONSTRAINED Forbidden: LOCAL_NETWORK Uid: 1001 RequestorUid: 1001 RequestorPkg: com.android.ons UnderlyingNetworks: Null] ]] callback flags: 0 order: 2147483647 isUidTracked: true declaredMethods: AVAIL|LOST
  uid/pid:10135/5167 activeRequest: 123 callbackRequest: 122 [NetworkRequest [ REQUEST id=123, [ Capabilities: INTERNET&NOT_RESTRICTED&TRUSTED&NOT_VCN_MANAGED&NOT_BANDWIDTH_CONSTRAINED Uid: 10135 RequestorUid: 10135 RequestorPkg: com.qualcomm.qti.cne UnderlyingNetworks: Null] ]] callback flags: 0 order: 2147483647 isUidTracked: true declaredMethods: AVAIL|LOST|NC
  uid/pid:10135/5167 activeRequest: null callbackRequest: 124 [NetworkRequest [ LISTEN id=124, [ Transports: WIFI Capabilities: INTERNET&NOT_RESTRICTED&TRUSTED&NOT_VPN&NOT_VCN_MANAGED&NOT_BANDWIDTH_CONSTRAINED Forbidden: LOCAL_NETWORK Uid: 10135 RequestorUid: 10135 RequestorPkg: com.qualcomm.qti.cne UnderlyingNetworks: Null] ]] callback flags: 0 order: 2147483647 isUidTracked: true declaredMethods: AVAIL|LOST|NC|LP
  uid/pid:10135/5167 activeRequest: null callbackRequest: 125 [NetworkRequest [ LISTEN id=125, [ Transports: CELLULAR Capabilities: INTERNET&NOT_RESTRICTED&TRUSTED&NOT_VPN&NOT_VCN_MANAGED&NOT_BANDWIDTH_CONSTRAINED Forbidden: LOCAL_NETWORK Uid: 10135 RequestorUid: 10135 RequestorPkg: com.qualcomm.qti.cne UnderlyingNetworks: Null] ]] callback flags: 0 order: 2147483647 isUidTracked: true declaredMethods: AVAIL|LOST|NC|LP
  uid/pid:10135/5167 activeRequest: null callbackRequest: 127 [NetworkRequest [ REQUEST id=127, [ Transports: CELLULAR Capabilities: IMS&TRUSTED&NOT_VPN&NOT_BANDWIDTH_CONSTRAINED Forbidden: LOCAL_NETWORK Specifier: <TelephonyNetworkSpecifier [mSubId = 1]> Uid: 10135 RequestorUid: 10135 RequestorPkg: com.qualcomm.qti.cne UnderlyingNetworks: Null] ]] callback flags: 0 order: 2147483647 isUidTracked: true declaredMethods: AVAIL|LOST|LP
  uid/pid:10135/5167 activeRequest: null callbackRequest: 128 [NetworkRequest [ REQUEST id=128, [ Transports: CELLULAR Capabilities: IMS&TRUSTED&NOT_VPN&NOT_BANDWIDTH_CONSTRAINED Forbidden: LOCAL_NETWORK Specifier: <TelephonyNetworkSpecifier [mSubId = 2]> Uid: 10135 RequestorUid: 10135 RequestorPkg: com.qualcomm.qti.cne UnderlyingNetworks: Null] ]] callback flags: 0 order: 2147483647 isUidTracked: true declaredMethods: AVAIL|LOST|LP
  uid/pid:10159/5419 activeRequest: null callbackRequest: 129 [NetworkRequest [ LISTEN id=129, [ Capabilities: INTERNET&TRUSTED&NOT_VCN_MANAGED Uid: 10159 RequestorUid: 10159 RequestorPkg: com.google.android.gms UnderlyingNetworks: Null] ]] callback flags: 0 order: 2147483647 isUidTracked: true declaredMethods: AVAIL|LOSING|LOST|UNAVAIL|NC|LP|BLK
  uid/pid:10159/5419 activeRequest: 131 callbackRequest: 130 [NetworkRequest [ TRACK_DEFAULT id=131, [ Capabilities: INTERNET&NOT_RESTRICTED&TRUSTED&NOT_VCN_MANAGED&NOT_BANDWIDTH_CONSTRAINED Uid: 10159 RequestorUid: 10159 RequestorPkg: com.google.android.gms UnderlyingNetworks: Null] ], NetworkRequest [ REQUEST id=132, [ Transports: SATELLITE Capabilities: INTERNET&NOT_RESTRICTED&TRUSTED&NOT_VCN_MANAGED Uid: 10159 RequestorUid: 10159 RequestorPkg: com.google.android.gms UnderlyingNetworks: Null] ]] callback flags: 0 order: 2147483647 isUidTracked: true declaredMethods: AVAIL|LOSING|LOST|UNAVAIL|NC|LP|BLK
  uid/pid:1000/2793 asUid: 10302 activeRequest: 134 callbackRequest: 133 [NetworkRequest [ REQUEST id=134, [ Capabilities: INTERNET&NOT_RESTRICTED&TRUSTED&NOT_VCN_MANAGED&NOT_BANDWIDTH_CONSTRAINED Uid: 10302 RequestorUid: 1000 RequestorPkg: android UnderlyingNetworks: Null] ]] callback flags: 0 order: 2147483647 isUidTracked: true declaredMethods: AVAIL|LOST|BLK
  uid/pid:10193/7930 activeRequest: 136 callbackRequest: 135 [NetworkRequest [ REQUEST id=136, [ Capabilities: INTERNET&NOT_RESTRICTED&TRUSTED&NOT_VCN_MANAGED&NOT_BANDWIDTH_CONSTRAINED Uid: 10193 RequestorUid: 10193 RequestorPkg: com.google.android.inputmethod.latin UnderlyingNetworks: Null] ]] callback flags: 0 order: 2147483647 isUidTracked: true declaredMethods: AVAIL|LOST|NC|LP
  uid/pid:10193/7930 activeRequest: null callbackRequest: 137 [NetworkRequest [ LISTEN id=137, [ Capabilities: INTERNET&NOT_RESTRICTED&TRUSTED&FOREGROUND&NOT_VCN_MANAGED&NOT_BANDWIDTH_CONSTRAINED Uid: 10193 RequestorUid: 10193 RequestorPkg: com.google.android.inputmethod.latin UnderlyingNetworks: Null] ]] callback flags: 0 order: 2147483647 isUidTracked: true declaredMethods: AVAIL|LOSING|LOST|NC
  uid/pid:10159/5419 activeRequest: null callbackRequest: 138 [NetworkRequest [ LISTEN id=138, [ Transports: WIFI Capabilities: NOT_RESTRICTED&TRUSTED&NOT_VPN&NOT_VCN_MANAGED&NOT_BANDWIDTH_CONSTRAINED RequestorUid: 10159 RequestorPkg: com.google.android.gms UnderlyingNetworks: Null] ]] callback flags: 0 order: 2147483647 isUidTracked: true declaredMethods: AVAIL|LOST|UNAVAIL|LP
  uid/pid:1000/2793 asUid: 10186 activeRequest: 140 callbackRequest: 139 [NetworkRequest [ REQUEST id=140, [ Capabilities: INTERNET&NOT_RESTRICTED&TRUSTED&NOT_VCN_MANAGED&NOT_BANDWIDTH_CONSTRAINED Uid: 10186 RequestorUid: 1000 RequestorPkg: android UnderlyingNetworks: Null] ]] callback flags: 0 order: 2147483647 isUidTracked: true declaredMethods: AVAIL|LOST|BLK
  uid/pid:1001/5141 activeRequest: 142 callbackRequest: 141 [NetworkRequest [ REQUEST id=142, [ Capabilities: INTERNET&NOT_RESTRICTED&TRUSTED&NOT_VCN_MANAGED&NOT_BANDWIDTH_CONSTRAINED Uid: 1001 RequestorUid: 1001 RequestorPkg: com.qti.dpmserviceapp UnderlyingNetworks: Null] ]] callback flags: 0 order: 2147483647 isUidTracked: true declaredMethods: AVAIL|LOST|NC|LP
  uid/pid:10184/8157 activeRequest: 145 callbackRequest: 144 [NetworkRequest [ TRACK_DEFAULT id=145, [ Capabilities: INTERNET&NOT_RESTRICTED&TRUSTED&NOT_VCN_MANAGED&NOT_BANDWIDTH_CONSTRAINED Uid: 10184 RequestorUid: 10184 RequestorPkg: com.google.android.apps.messaging UnderlyingNetworks: Null] ], NetworkRequest [ REQUEST id=146, [ Transports: SATELLITE Capabilities: INTERNET&TRUSTED&NOT_VCN_MANAGED Uid: 10184 RequestorUid: 10184 RequestorPkg: com.google.android.apps.messaging UnderlyingNetworks: Null] ], NetworkRequest [ REQUEST id=147, [ Transports: SATELLITE Capabilities: INTERNET&NOT_RESTRICTED&TRUSTED&NOT_VCN_MANAGED Uid: 10184 RequestorUid: 10184 RequestorPkg: com.google.android.apps.messaging UnderlyingNetworks: Null] ]] callback flags: 0 order: 2147483647 isUidTracked: true declaredMethods: AVAIL|LOSING|LOST|UNAVAIL|NC|LP|BLK
  uid/pid:1000/8207 activeRequest: null callbackRequest: 148 [NetworkRequest [ LISTEN id=148, [ Transports: WIFI Capabilities: INTERNET&NOT_RESTRICTED&TRUSTED&NOT_VPN&VALIDATED&NOT_VCN_MANAGED&NOT_BANDWIDTH_CONSTRAINED Forbidden: LOCAL_NETWORK Uid: 1000 RequestorUid: 1000 RequestorPkg: com.miui.daemon UnderlyingNetworks: Null] ]] callback flags: 0 order: 2147483647 isUidTracked: true declaredMethods: AVAIL
  uid/pid:10159/5419 activeRequest: 153 callbackRequest: 152 [NetworkRequest [ TRACK_DEFAULT id=153, [ Capabilities: INTERNET&NOT_RESTRICTED&TRUSTED&NOT_VCN_MANAGED&NOT_BANDWIDTH_CONSTRAINED Uid: 10159 RequestorUid: 10159 RequestorPkg: com.google.android.gms UnderlyingNetworks: Null] ], NetworkRequest [ REQUEST id=154, [ Transports: SATELLITE Capabilities: INTERNET&NOT_RESTRICTED&TRUSTED&NOT_VCN_MANAGED Uid: 10159 RequestorUid: 10159 RequestorPkg: com.google.android.gms UnderlyingNetworks: Null] ]] callback flags: 0 order: 2147483647 isUidTracked: true declaredMethods: AVAIL|LOSING|LOST|UNAVAIL|NC|LP|BLK
  uid/pid:10184/8157 activeRequest: 156 callbackRequest: 155 [NetworkRequest [ TRACK_DEFAULT id=156, [ Capabilities: INTERNET&NOT_RESTRICTED&TRUSTED&NOT_VCN_MANAGED&NOT_BANDWIDTH_CONSTRAINED Uid: 10184 RequestorUid: 10184 RequestorPkg: com.google.android.apps.messaging UnderlyingNetworks: Null] ], NetworkRequest [ REQUEST id=157, [ Transports: SATELLITE Capabilities: INTERNET&TRUSTED&NOT_VCN_MANAGED Uid: 10184 RequestorUid: 10184 RequestorPkg: com.google.android.apps.messaging UnderlyingNetworks: Null] ], NetworkRequest [ REQUEST id=158, [ Transports: SATELLITE Capabilities: INTERNET&NOT_RESTRICTED&TRUSTED&NOT_VCN_MANAGED Uid: 10184 RequestorUid: 10184 RequestorPkg: com.google.android.apps.messaging UnderlyingNetworks: Null] ]] callback flags: 0 order: 2147483647 isUidTracked: true declaredMethods: AVAIL|LOSING|LOST|NC
  uid/pid:1000/2793 asUid: 10379 activeRequest: 160 callbackRequest: 159 [NetworkRequest [ REQUEST id=160, [ Capabilities: INTERNET&NOT_RESTRICTED&TRUSTED&NOT_VCN_MANAGED&NOT_BANDWIDTH_CONSTRAINED Uid: 10379 RequestorUid: 1000 RequestorPkg: android UnderlyingNetworks: Null] ]] callback flags: 0 order: 2147483647 isUidTracked: true declaredMethods: AVAIL|LOST|BLK
  uid/pid:10158/8854 activeRequest: null callbackRequest: 161 [NetworkRequest [ LISTEN id=161, [ Capabilities: INTERNET&NOT_RESTRICTED&TRUSTED&NOT_VPN&FOREGROUND&NOT_VCN_MANAGED&NOT_BANDWIDTH_CONSTRAINED Uid: 10158 RequestorUid: 10158 RequestorPkg: com.microsoft.appmanager UnderlyingNetworks: Null] ]] callback flags: 0 order: 2147483647 isUidTracked: true declaredMethods: AVAIL|LOST
  uid/pid:10159/5419 activeRequest: 162 callbackRequest: 162 [NetworkRequest [ LISTEN_FOR_BEST id=162, [ Transports: CELLULAR|WIFI|BLUETOOTH|ETHERNET|SATELLITE Capabilities: INTERNET&TRUSTED&NOT_VPN&NOT_VCN_MANAGED Uid: 10159 RequestorUid: 10159 RequestorPkg: com.google.android.gms UnderlyingNetworks: Null] ]] callback flags: 0 order: 2147483647 isUidTracked: true declaredMethods: AVAIL|LOSING|LOST|UNAVAIL|NC|LP|BLK
  uid/pid:10159/5419 activeRequest: null callbackRequest: 163 [NetworkRequest [ LISTEN id=163, [ Transports: WIFI Capabilities: NOT_RESTRICTED&TRUSTED&NOT_VPN&NOT_VCN_MANAGED&NOT_BANDWIDTH_CONSTRAINED Uid: 10159 RequestorUid: 10159 RequestorPkg: com.google.android.gms UnderlyingNetworks: Null] ]] callback flags: 0 order: 2147483647 isUidTracked: true declaredMethods: AVAIL|LOST|UNAVAIL
  uid/pid:10158/9242 activeRequest: null callbackRequest: 164 [NetworkRequest [ LISTEN id=164, [ Capabilities: INTERNET&NOT_RESTRICTED&TRUSTED&NOT_VPN&FOREGROUND&NOT_VCN_MANAGED&NOT_BANDWIDTH_CONSTRAINED Uid: 10158 RequestorUid: 10158 RequestorPkg: com.microsoft.appmanager UnderlyingNetworks: Null] ]] callback flags: 0 order: 2147483647 isUidTracked: true declaredMethods: AVAIL|LOST
  uid/pid:1000/9196 activeRequest: 167 callbackRequest: 166 [NetworkRequest [ REQUEST id=167, [ Capabilities: INTERNET&NOT_RESTRICTED&TRUSTED&NOT_VCN_MANAGED&NOT_BANDWIDTH_CONSTRAINED Uid: 1000 RequestorUid: 1000 RequestorPkg: com.xiaomi.mi_connect_service UnderlyingNetworks: Null] ]] callback flags: 0 order: 2147483647 isUidTracked: true declaredMethods: AVAIL|LOST|NC
  uid/pid:1000/9196 activeRequest: null callbackRequest: 168 [NetworkRequest [ LISTEN id=168, [ Transports: WIFI Capabilities: NOT_RESTRICTED&TRUSTED&NOT_VPN&NOT_VCN_MANAGED&NOT_BANDWIDTH_CONSTRAINED Forbidden: LOCAL_NETWORK Uid: 1000 RequestorUid: 1000 RequestorPkg: com.xiaomi.mi_connect_service UnderlyingNetworks: Null] ]] callback flags: 0 order: 2147483647 isUidTracked: true declaredMethods: AVAIL|LOST|NC
  uid/pid:1000/9196 activeRequest: null callbackRequest: 169 [NetworkRequest [ LISTEN id=169, [ Transports: ETHERNET Capabilities: NOT_RESTRICTED&TRUSTED&NOT_VPN&NOT_VCN_MANAGED&NOT_BANDWIDTH_CONSTRAINED Forbidden: LOCAL_NETWORK Uid: 1000 RequestorUid: 1000 RequestorPkg: com.xiaomi.mi_connect_service UnderlyingNetworks: Null] ]] callback flags: 0 order: 2147483647 isUidTracked: true declaredMethods: AVAIL|LOST|NC
  uid/pid:10379/8961 activeRequest: 171 callbackRequest: 170 [NetworkRequest [ REQUEST id=171, [ Capabilities: INTERNET&NOT_RESTRICTED&TRUSTED&NOT_VCN_MANAGED&NOT_BANDWIDTH_CONSTRAINED Uid: 10379 RequestorUid: 10379 RequestorPkg: org.telegram.messenger UnderlyingNetworks: Null] ]] callback flags: 0 order: 2147483647 isUidTracked: true declaredMethods: AVAIL|NC
  uid/pid:10418/8816 activeRequest: 173 callbackRequest: 172 [NetworkRequest [ REQUEST id=173, [ Capabilities: INTERNET&NOT_RESTRICTED&TRUSTED&NOT_VCN_MANAGED&NOT_BANDWIDTH_CONSTRAINED Uid: 10418 RequestorUid: 10418 RequestorPkg: com.mi.health UnderlyingNetworks: Null] ]] callback flags: 0 order: 2147483647 isUidTracked: true declaredMethods: AVAIL|LOSING|LOST|UNAVAIL
  uid/pid:10418/8816 activeRequest: 175 callbackRequest: 174 [NetworkRequest [ REQUEST id=175, [ Capabilities: INTERNET&NOT_RESTRICTED&TRUSTED&NOT_VCN_MANAGED&NOT_BANDWIDTH_CONSTRAINED Uid: 10418 RequestorUid: 10418 RequestorPkg: com.mi.health UnderlyingNetworks: Null] ]] callback flags: 0 order: 2147483647 isUidTracked: true declaredMethods: AVAIL|LOSING|LOST|UNAVAIL
  uid/pid:1000/2793 asUid: 10184 activeRequest: 184 callbackRequest: 183 [NetworkRequest [ TRACK_DEFAULT id=184, [ Capabilities: INTERNET&NOT_RESTRICTED&TRUSTED&NOT_VCN_MANAGED&NOT_BANDWIDTH_CONSTRAINED Uid: 10184 RequestorUid: 1000 RequestorPkg: android UnderlyingNetworks: Null] ], NetworkRequest [ REQUEST id=185, [ Transports: SATELLITE Capabilities: INTERNET&TRUSTED&NOT_VCN_MANAGED Uid: 10184 RequestorUid: 1000 RequestorPkg: android UnderlyingNetworks: Null] ], NetworkRequest [ REQUEST id=186, [ Transports: SATELLITE Capabilities: INTERNET&NOT_RESTRICTED&TRUSTED&NOT_VCN_MANAGED Uid: 10184 RequestorUid: 1000 RequestorPkg: android UnderlyingNetworks: Null] ]] callback flags: 0 order: 2147483647 isUidTracked: true declaredMethods: AVAIL|LOST|BLK
  uid/pid:1000/9628 activeRequest: 191 callbackRequest: 190 [NetworkRequest [ REQUEST id=191, [ Capabilities: INTERNET&NOT_RESTRICTED&TRUSTED&NOT_VCN_MANAGED&NOT_BANDWIDTH_CONSTRAINED Uid: 1000 RequestorUid: 1000 RequestorPkg: com.miui.securitycenter UnderlyingNetworks: Null] ]] callback flags: 0 order: 2147483647 isUidTracked: true declaredMethods: AVAIL|UNAVAIL
  uid/pid:10158/9242 activeRequest: 193 callbackRequest: 192 [NetworkRequest [ REQUEST id=193, [ Capabilities: INTERNET&NOT_RESTRICTED&TRUSTED&NOT_VCN_MANAGED&NOT_BANDWIDTH_CONSTRAINED Uid: 10158 RequestorUid: 10158 RequestorPkg: com.microsoft.appmanager UnderlyingNetworks: Null] ]] callback flags: 0 order: 2147483647 isUidTracked: true declaredMethods: AVAIL|NC
  uid/pid:10184/9043 activeRequest: 197 callbackRequest: 196 [NetworkRequest [ TRACK_DEFAULT id=197, [ Capabilities: INTERNET&NOT_RESTRICTED&TRUSTED&NOT_VCN_MANAGED&NOT_BANDWIDTH_CONSTRAINED Uid: 10184 RequestorUid: 10184 RequestorPkg: com.google.android.apps.messaging UnderlyingNetworks: Null] ], NetworkRequest [ REQUEST id=198, [ Transports: SATELLITE Capabilities: INTERNET&TRUSTED&NOT_VCN_MANAGED Uid: 10184 RequestorUid: 10184 RequestorPkg: com.google.android.apps.messaging UnderlyingNetworks: Null] ], NetworkRequest [ REQUEST id=199, [ Transports: SATELLITE Capabilities: INTERNET&NOT_RESTRICTED&TRUSTED&NOT_VCN_MANAGED Uid: 10184 RequestorUid: 10184 RequestorPkg: com.google.android.apps.messaging UnderlyingNetworks: Null] ]] callback flags: 0 order: 2147483647 isUidTracked: true declaredMethods: AVAIL|LOST|NC|BLK
  uid/pid:10327/8943 activeRequest: 201 callbackRequest: 200 [NetworkRequest [ REQUEST id=201, [ Capabilities: INTERNET&NOT_RESTRICTED&TRUSTED&NOT_VCN_MANAGED&NOT_BANDWIDTH_CONSTRAINED Uid: 10327 RequestorUid: 10327 RequestorPkg: com.google.android.apps.youtube.music UnderlyingNetworks: Null] ]] callback flags: 0 order: 2147483647 isUidTracked: true declaredMethods: AVAIL|NC|BLK
  uid/pid:10327/8943 activeRequest: 203 callbackRequest: 202 [NetworkRequest [ REQUEST id=203, [ Capabilities: INTERNET&NOT_RESTRICTED&TRUSTED&NOT_VCN_MANAGED&NOT_BANDWIDTH_CONSTRAINED Uid: 10327 RequestorUid: 10327 RequestorPkg: com.google.android.apps.youtube.music UnderlyingNetworks: Null] ]] callback flags: 0 order: 2147483647 isUidTracked: true declaredMethods: AVAIL|LOST|NC|LP
  uid/pid:10327/8943 activeRequest: null callbackRequest: 204 [NetworkRequest [ LISTEN id=204, [ Capabilities: INTERNET&NOT_RESTRICTED&TRUSTED&FOREGROUND&NOT_VCN_MANAGED&NOT_BANDWIDTH_CONSTRAINED Uid: 10327 RequestorUid: 10327 RequestorPkg: com.google.android.apps.youtube.music UnderlyingNetworks: Null] ]] callback flags: 0 order: 2147483647 isUidTracked: true declaredMethods: AVAIL|LOSING|LOST|NC
  uid/pid:10327/8943 activeRequest: 206 callbackRequest: 205 [NetworkRequest [ REQUEST id=206, [ Capabilities: INTERNET&NOT_RESTRICTED&TRUSTED&NOT_VCN_MANAGED&NOT_BANDWIDTH_CONSTRAINED Uid: 10327 RequestorUid: 10327 RequestorPkg: com.google.android.apps.youtube.music UnderlyingNetworks: Null] ]] callback flags: 0 order: 2147483647 isUidTracked: true declaredMethods: AVAIL|LOST|NC
  uid/pid:1000/2793 asUid: 10193 activeRequest: 208 callbackRequest: 207 [NetworkRequest [ REQUEST id=208, [ Capabilities: INTERNET&NOT_RESTRICTED&TRUSTED&NOT_VCN_MANAGED&NOT_BANDWIDTH_CONSTRAINED Uid: 10193 RequestorUid: 1000 RequestorPkg: android UnderlyingNetworks: Null] ]] callback flags: 0 order: 2147483647 isUidTracked: true declaredMethods: AVAIL|LOST|BLK
  uid/pid:10327/8943 activeRequest: 210 callbackRequest: 209 [NetworkRequest [ REQUEST id=210, [ Capabilities: INTERNET&NOT_RESTRICTED&TRUSTED&NOT_VCN_MANAGED&NOT_BANDWIDTH_CONSTRAINED Uid: 10327 RequestorUid: 10327 RequestorPkg: com.google.android.apps.youtube.music UnderlyingNetworks: Null] ]] callback flags: 0 order: 2147483647 isUidTracked: true declaredMethods: AVAIL|LOST
  uid/pid:10172/9759 activeRequest: 212 callbackRequest: 211 [NetworkRequest [ REQUEST id=212, [ Capabilities: INTERNET&NOT_RESTRICTED&TRUSTED&NOT_VCN_MANAGED&NOT_BANDWIDTH_CONSTRAINED Uid: 10172 RequestorUid: 10172 RequestorPkg: com.android.vending UnderlyingNetworks: Null] ]] callback flags: 0 order: 2147483647 isUidTracked: true declaredMethods: AVAIL|LOST|NC|LP
  uid/pid:10172/9759 activeRequest: null callbackRequest: 213 [NetworkRequest [ LISTEN id=213, [ Capabilities: INTERNET&NOT_RESTRICTED&TRUSTED&NOT_VCN_MANAGED&NOT_BANDWIDTH_CONSTRAINED Uid: 10172 RequestorUid: 10172 RequestorPkg: com.android.vending UnderlyingNetworks: Null] ]] callback flags: 0 order: 2147483647 isUidTracked: true declaredMethods: AVAIL|LOSING|LOST|NC
  uid/pid:1000/2793 asUid: 10290 activeRequest: 215 callbackRequest: 214 [NetworkRequest [ REQUEST id=215, [ Capabilities: INTERNET&NOT_RESTRICTED&TRUSTED&NOT_VCN_MANAGED&NOT_BANDWIDTH_CONSTRAINED Uid: 10290 RequestorUid: 1000 RequestorPkg: android UnderlyingNetworks: Null] ]] callback flags: 0 order: 2147483647 isUidTracked: true declaredMethods: AVAIL|LOST|BLK
  uid/pid:1000/2793 asUid: 10304 activeRequest: 217 callbackRequest: 216 [NetworkRequest [ REQUEST id=217, [ Capabilities: INTERNET&NOT_RESTRICTED&TRUSTED&NOT_VCN_MANAGED&NOT_BANDWIDTH_CONSTRAINED Uid: 10304 RequestorUid: 1000 RequestorPkg: android UnderlyingNetworks: Null] ]] callback flags: 0 order: 2147483647 isUidTracked: true declaredMethods: AVAIL|LOST|BLK
  uid/pid:1000/2793 asUid: 10114 activeRequest: 219 callbackRequest: 218 [NetworkRequest [ REQUEST id=219, [ Capabilities: INTERNET&NOT_RESTRICTED&TRUSTED&NOT_VCN_MANAGED&NOT_BANDWIDTH_CONSTRAINED Uid: 10114 RequestorUid: 1000 RequestorPkg: android UnderlyingNetworks: Null] ]] callback flags: 0 order: 2147483647 isUidTracked: true declaredMethods: AVAIL|LOST|BLK
  uid/pid:1000/11445 activeRequest: 225 callbackRequest: 224 [NetworkRequest [ REQUEST id=225, [ Capabilities: INTERNET&NOT_RESTRICTED&TRUSTED&NOT_VCN_MANAGED&NOT_BANDWIDTH_CONSTRAINED Uid: 1000 RequestorUid: 1000 RequestorPkg: com.xiaomi.joyose UnderlyingNetworks: Null] ]] callback flags: 0 order: 2147483647 isUidTracked: true declaredMethods: AVAIL|LOST|NC
  uid/pid:10169/11691 activeRequest: 228 callbackRequest: 227 [NetworkRequest [ REQUEST id=228, [ Capabilities: INTERNET&NOT_RESTRICTED&TRUSTED&NOT_VCN_MANAGED&NOT_BANDWIDTH_CONSTRAINED Uid: 10169 RequestorUid: 10169 RequestorPkg: com.android.camera UnderlyingNetworks: Null] ]] callback flags: 0 order: 2147483647 isUidTracked: true declaredMethods: AVAIL
  uid/pid:10418/11833 activeRequest: 230 callbackRequest: 229 [NetworkRequest [ REQUEST id=230, [ Capabilities: INTERNET&NOT_RESTRICTED&TRUSTED&NOT_VCN_MANAGED&NOT_BANDWIDTH_CONSTRAINED Uid: 10418 RequestorUid: 10418 RequestorPkg: com.mi.health UnderlyingNetworks: Null] ]] callback flags: 0 order: 2147483647 isUidTracked: true declaredMethods: AVAIL|LOSING|LOST|UNAVAIL
  uid/pid:10418/11833 activeRequest: 232 callbackRequest: 231 [NetworkRequest [ REQUEST id=232, [ Capabilities: INTERNET&NOT_RESTRICTED&TRUSTED&NOT_VCN_MANAGED&NOT_BANDWIDTH_CONSTRAINED Uid: 10418 RequestorUid: 10418 RequestorPkg: com.mi.health UnderlyingNetworks: Null] ]] callback flags: 0 order: 2147483647 isUidTracked: true declaredMethods: AVAIL|LOSING|LOST|UNAVAIL
  uid/pid:10375/11887 activeRequest: 234 callbackRequest: 233 [NetworkRequest [ REQUEST id=234, [ Capabilities: INTERNET&NOT_RESTRICTED&TRUSTED&NOT_VCN_MANAGED&NOT_BANDWIDTH_CONSTRAINED Uid: 10375 RequestorUid: 10375 RequestorPkg: com.tencent.mm UnderlyingNetworks: Null] ]] callback flags: 0 order: 2147483647 isUidTracked: true declaredMethods: AVAIL|LOST|NC|LP
  uid/pid:10375/11887 activeRequest: null callbackRequest: 235 [NetworkRequest [ LISTEN id=235, [ Capabilities: INTERNET&NOT_RESTRICTED&TRUSTED&NOT_VCN_MANAGED&NOT_BANDWIDTH_CONSTRAINED Forbidden: LOCAL_NETWORK Uid: 10375 RequestorUid: 10375 RequestorPkg: com.tencent.mm UnderlyingNetworks: Null] ]] callback flags: 0 order: 2147483647 isUidTracked: true declaredMethods: AVAIL|LOSING|LOST|NC
  uid/pid:1000/12708 activeRequest: null callbackRequest: 236 [NetworkRequest [ LISTEN id=236, [ Transports: CELLULAR|WIFI Capabilities: NOT_VPN Forbidden: LOCAL_NETWORK RequestorUid: 1000 RequestorPkg: com.miui.misightservice UnderlyingNetworks: Null] ]] callback flags: 0 order: 2147483647 isUidTracked: true declaredMethods: AVAIL|LOST
  uid/pid:10159/5419 activeRequest: 238 callbackRequest: 237 [NetworkRequest [ TRACK_DEFAULT id=238, [ Capabilities: INTERNET&NOT_RESTRICTED&TRUSTED&NOT_VCN_MANAGED&NOT_BANDWIDTH_CONSTRAINED Uid: 10159 RequestorUid: 10159 RequestorPkg: com.google.android.gms UnderlyingNetworks: Null] ], NetworkRequest [ REQUEST id=239, [ Transports: SATELLITE Capabilities: INTERNET&NOT_RESTRICTED&TRUSTED&NOT_VCN_MANAGED Uid: 10159 RequestorUid: 10159 RequestorPkg: com.google.android.gms UnderlyingNetworks: Null] ]] callback flags: 0 order: 2147483647 isUidTracked: true declaredMethods: AVAIL|LOST|NC|LP
  uid/pid:10159/5419 activeRequest: null callbackRequest: 240 [NetworkRequest [ LISTEN id=240, [ Capabilities: INTERNET&NOT_RESTRICTED&TRUSTED&NOT_VCN_MANAGED&NOT_BANDWIDTH_CONSTRAINED Uid: 10159 RequestorUid: 10159 RequestorPkg: com.google.android.gms UnderlyingNetworks: Null] ]] callback flags: 0 order: 2147483647 isUidTracked: true declaredMethods: AVAIL|LOSING|LOST|NC
  uid/pid:10159/5419 activeRequest: 242 callbackRequest: 241 [NetworkRequest [ TRACK_DEFAULT id=242, [ Capabilities: INTERNET&NOT_RESTRICTED&TRUSTED&NOT_VCN_MANAGED&NOT_BANDWIDTH_CONSTRAINED Uid: 10159 RequestorUid: 10159 RequestorPkg: com.google.android.gms UnderlyingNetworks: Null] ], NetworkRequest [ REQUEST id=243, [ Transports: SATELLITE Capabilities: INTERNET&NOT_RESTRICTED&TRUSTED&NOT_VCN_MANAGED Uid: 10159 RequestorUid: 10159 RequestorPkg: com.google.android.gms UnderlyingNetworks: Null] ]] callback flags: 0 order: 2147483647 isUidTracked: true declaredMethods: AVAIL|LOST|NC
  uid/pid:10375/11887 activeRequest: null callbackRequest: 244 [NetworkRequest [ LISTEN id=244, [ Capabilities: NOT_RESTRICTED&NOT_VPN&NOT_VCN_MANAGED&NOT_BANDWIDTH_CONSTRAINED Forbidden: LOCAL_NETWORK Uid: 10375 RequestorUid: 10375 RequestorPkg: com.tencent.mm UnderlyingNetworks: Null] ]] callback flags: 0 order: 2147483647 isUidTracked: true declaredMethods: AVAIL|LOST
  uid/pid:10172/12995 activeRequest: 246 callbackRequest: 245 [NetworkRequest [ REQUEST id=246, [ Capabilities: INTERNET&NOT_RESTRICTED&TRUSTED&NOT_VCN_MANAGED&NOT_BANDWIDTH_CONSTRAINED Uid: 10172 RequestorUid: 10172 RequestorPkg: com.android.vending UnderlyingNetworks: Null] ]] callback flags: 0 order: 2147483647 isUidTracked: true declaredMethods: AVAIL|LOST
  uid/pid:10172/12995 activeRequest: 248 callbackRequest: 247 [NetworkRequest [ REQUEST id=248, [ Capabilities: INTERNET&NOT_RESTRICTED&TRUSTED&NOT_VCN_MANAGED&NOT_BANDWIDTH_CONSTRAINED Uid: 10172 RequestorUid: 10172 RequestorPkg: com.android.vending UnderlyingNetworks: Null] ]] callback flags: 0 order: 2147483647 isUidTracked: true declaredMethods: AVAIL|LOST|NC|LP
  uid/pid:10172/12995 activeRequest: null callbackRequest: 249 [NetworkRequest [ LISTEN id=249, [ Capabilities: INTERNET&NOT_RESTRICTED&TRUSTED&NOT_VCN_MANAGED&NOT_BANDWIDTH_CONSTRAINED Uid: 10172 RequestorUid: 10172 RequestorPkg: com.android.vending UnderlyingNetworks: Null] ]] callback flags: 0 order: 2147483647 isUidTracked: true declaredMethods: AVAIL|LOSING|LOST|NC
  uid/pid:1000/2793 asUid: 10177 activeRequest: 251 callbackRequest: 250 [NetworkRequest [ REQUEST id=251, [ Capabilities: INTERNET&NOT_RESTRICTED&TRUSTED&NOT_VCN_MANAGED&NOT_BANDWIDTH_CONSTRAINED Uid: 10177 RequestorUid: 1000 RequestorPkg: android UnderlyingNetworks: Null] ]] callback flags: 0 order: 2147483647 isUidTracked: true declaredMethods: AVAIL|LOST|BLK
  uid/pid:10418/8816 activeRequest: 257 callbackRequest: 256 [NetworkRequest [ REQUEST id=257, [ Capabilities: INTERNET&NOT_RESTRICTED&TRUSTED&NOT_VCN_MANAGED&NOT_BANDWIDTH_CONSTRAINED Uid: 10418 RequestorUid: 10418 RequestorPkg: com.mi.health UnderlyingNetworks: Null] ]] callback flags: 0 order: 2147483647 isUidTracked: true declaredMethods: AVAIL|LOST|NC
  uid/pid:10355/12946 activeRequest: 259 callbackRequest: 258 [NetworkRequest [ REQUEST id=259, [ Capabilities: INTERNET&NOT_RESTRICTED&TRUSTED&NOT_VCN_MANAGED&NOT_BANDWIDTH_CONSTRAINED Uid: 10355 RequestorUid: 10355 RequestorPkg: com.eg.android.AlipayGphone UnderlyingNetworks: Null] ]] callback flags: 0 order: 2147483647 isUidTracked: true declaredMethods: AVAIL|LOSING|LOST|UNAVAIL|NC|LP|BLK
  uid/pid:1000/2793 asUid: 10172 activeRequest: 267 callbackRequest: 266 [NetworkRequest [ REQUEST id=267, [ Capabilities: INTERNET&NOT_RESTRICTED&TRUSTED&NOT_VCN_MANAGED&NOT_BANDWIDTH_CONSTRAINED Uid: 10172 RequestorUid: 1000 RequestorPkg: android UnderlyingNetworks: Null] ]] callback flags: 0 order: 2147483647 isUidTracked: true declaredMethods: AVAIL|LOST|BLK
  uid/pid:1000/2793 asUid: 10155 activeRequest: 271 callbackRequest: 270 [NetworkRequest [ REQUEST id=271, [ Capabilities: INTERNET&NOT_RESTRICTED&TRUSTED&NOT_VCN_MANAGED&NOT_BANDWIDTH_CONSTRAINED Uid: 10155 RequestorUid: 1000 RequestorPkg: android UnderlyingNetworks: Null] ]] callback flags: 0 order: 2147483647 isUidTracked: true declaredMethods: AVAIL|LOST|BLK
  uid/pid:10159/5419 activeRequest: null callbackRequest: 272 [NetworkRequest [ LISTEN id=272, [ Transports: CELLULAR|WIFI Capabilities: NOT_RESTRICTED&TRUSTED&NOT_VPN&NOT_VCN_MANAGED&NOT_BANDWIDTH_CONSTRAINED Uid: 10159 RequestorUid: 10159 RequestorPkg: com.google.android.gms UnderlyingNetworks: Null] ]] callback flags: 0 order: 2147483647 isUidTracked: true declaredMethods: AVAIL|LOSING|LOST|UNAVAIL|NC|LP|BLK
  uid/pid:10159/5419 activeRequest: null callbackRequest: 273 [NetworkRequest [ LISTEN id=273, [ Transports: CELLULAR|WIFI Capabilities: NOT_RESTRICTED&TRUSTED&NOT_VPN&NOT_VCN_MANAGED&NOT_BANDWIDTH_CONSTRAINED Uid: 10159 RequestorUid: 10159 RequestorPkg: com.google.android.gms UnderlyingNetworks: Null] ]] callback flags: 0 order: 2147483647 isUidTracked: true declaredMethods: AVAIL|LOSING|LOST|UNAVAIL|NC|LP|BLK
  uid/pid:10375/11887 activeRequest: 274 callbackRequest: 274 [NetworkRequest [ REQUEST id=274, [ Capabilities: NOT_RESTRICTED&TRUSTED&NOT_VPN&NOT_VCN_MANAGED&NOT_BANDWIDTH_CONSTRAINED Forbidden: LOCAL_NETWORK Uid: 10375 RequestorUid: 10375 RequestorPkg: com.tencent.mm UnderlyingNetworks: Null] ]] callback flags: 0 order: 2147483647 isUidTracked: true declaredMethods: AVAIL|LOST
  uid/pid:10159/5419 activeRequest: null callbackRequest: 275 [NetworkRequest [ LISTEN id=275, [ Transports: WIFI Capabilities: NOT_RESTRICTED&TRUSTED&NOT_VPN&NOT_VCN_MANAGED&NOT_BANDWIDTH_CONSTRAINED Uid: 10159 RequestorUid: 10159 RequestorPkg: com.google.android.gms UnderlyingNetworks: Null] ]] callback flags: 0 order: 2147483647 isUidTracked: true declaredMethods: AVAIL|LOSING|LOST|UNAVAIL|NC|LP|BLK
  uid/pid:10159/5419 activeRequest: null callbackRequest: 276 [NetworkRequest [ LISTEN id=276, [ Transports: WIFI Capabilities: NOT_RESTRICTED&TRUSTED&NOT_VPN&NOT_VCN_MANAGED&NOT_BANDWIDTH_CONSTRAINED Uid: 10159 RequestorUid: 10159 RequestorPkg: com.google.android.gms UnderlyingNetworks: Null] ]] callback flags: 0 order: 2147483647 isUidTracked: true declaredMethods: AVAIL|LOSING|LOST|UNAVAIL|NC|LP|BLK
  uid/pid:10159/5419 activeRequest: null callbackRequest: 277 [NetworkRequest [ LISTEN id=277, [ Transports: WIFI Capabilities: INTERNET&NOT_RESTRICTED&TRUSTED&NOT_VPN&NOT_VCN_MANAGED&NOT_BANDWIDTH_CONSTRAINED Uid: 10159 RequestorUid: 10159 RequestorPkg: com.google.android.gms UnderlyingNetworks: Null] ]] callback flags: 0 order: 2147483647 isUidTracked: true declaredMethods: AVAIL|LOSING|LOST|UNAVAIL|NC|LP|BLK
  uid/pid:10159/5419 activeRequest: 279 callbackRequest: 278 [NetworkRequest [ TRACK_DEFAULT id=279, [ Capabilities: INTERNET&NOT_RESTRICTED&TRUSTED&NOT_VCN_MANAGED&NOT_BANDWIDTH_CONSTRAINED Uid: 10159 RequestorUid: 10159 RequestorPkg: com.google.android.gms UnderlyingNetworks: Null] ], NetworkRequest [ REQUEST id=280, [ Transports: SATELLITE Capabilities: INTERNET&NOT_RESTRICTED&TRUSTED&NOT_VCN_MANAGED Uid: 10159 RequestorUid: 10159 RequestorPkg: com.google.android.gms UnderlyingNetworks: Null] ]] callback flags: 0 order: 2147483647 isUidTracked: true declaredMethods: AVAIL|LOSING|LOST|UNAVAIL|NC|LP|BLK
  uid/pid:1000/2793 asUid: 10183 activeRequest: 285 callbackRequest: 284 [NetworkRequest [ REQUEST id=285, [ Capabilities: INTERNET&NOT_RESTRICTED&TRUSTED&NOT_VCN_MANAGED&NOT_BANDWIDTH_CONSTRAINED Uid: 10183 RequestorUid: 1000 RequestorPkg: android UnderlyingNetworks: Null] ]] callback flags: 0 order: 2147483647 isUidTracked: true declaredMethods: AVAIL|LOST|BLK
  uid/pid:1000/2793 asUid: 10176 activeRequest: 287 callbackRequest: 286 [NetworkRequest [ REQUEST id=287, [ Capabilities: INTERNET&NOT_RESTRICTED&TRUSTED&NOT_VCN_MANAGED&NOT_BANDWIDTH_CONSTRAINED Uid: 10176 RequestorUid: 1000 RequestorPkg: android UnderlyingNetworks: Null] ]] callback flags: 0 order: 2147483647 isUidTracked: true declaredMethods: AVAIL|LOST|BLK
  uid/pid:10159/7332 activeRequest: 290 callbackRequest: 289 [NetworkRequest [ TRACK_DEFAULT id=290, [ Capabilities: INTERNET&NOT_RESTRICTED&TRUSTED&NOT_VCN_MANAGED&NOT_BANDWIDTH_CONSTRAINED Uid: 10159 RequestorUid: 10159 RequestorPkg: com.google.android.gms UnderlyingNetworks: Null] ], NetworkRequest [ REQUEST id=291, [ Transports: SATELLITE Capabilities: INTERNET&NOT_RESTRICTED&TRUSTED&NOT_VCN_MANAGED Uid: 10159 RequestorUid: 10159 RequestorPkg: com.google.android.gms UnderlyingNetworks: Null] ]] callback flags: 0 order: 2147483647 isUidTracked: true declaredMethods: AVAIL|LOST|NC|LP
  uid/pid:10159/7332 activeRequest: null callbackRequest: 292 [NetworkRequest [ LISTEN id=292, [ Capabilities: INTERNET&NOT_RESTRICTED&TRUSTED&NOT_VCN_MANAGED&NOT_BANDWIDTH_CONSTRAINED Uid: 10159 RequestorUid: 10159 RequestorPkg: com.google.android.gms UnderlyingNetworks: Null] ]] callback flags: 0 order: 2147483647 isUidTracked: true declaredMethods: AVAIL|LOSING|LOST|NC
  uid/pid:10159/7332 activeRequest: 294 callbackRequest: 293 [NetworkRequest [ TRACK_DEFAULT id=294, [ Capabilities: INTERNET&NOT_RESTRICTED&TRUSTED&NOT_VCN_MANAGED&NOT_BANDWIDTH_CONSTRAINED Uid: 10159 RequestorUid: 10159 RequestorPkg: com.google.android.gms UnderlyingNetworks: Null] ], NetworkRequest [ REQUEST id=295, [ Transports: SATELLITE Capabilities: INTERNET&NOT_RESTRICTED&TRUSTED&NOT_VCN_MANAGED Uid: 10159 RequestorUid: 10159 RequestorPkg: com.google.android.gms UnderlyingNetworks: Null] ]] callback flags: 0 order: 2147483647 isUidTracked: true declaredMethods: AVAIL|LOST
  uid/pid:10159/14203 activeRequest: 297 callbackRequest: 296 [NetworkRequest [ TRACK_DEFAULT id=297, [ Capabilities: INTERNET&NOT_RESTRICTED&TRUSTED&NOT_VCN_MANAGED&NOT_BANDWIDTH_CONSTRAINED Uid: 10159 RequestorUid: 10159 RequestorPkg: com.google.android.gms UnderlyingNetworks: Null] ], NetworkRequest [ REQUEST id=298, [ Transports: SATELLITE Capabilities: INTERNET&NOT_RESTRICTED&TRUSTED&NOT_VCN_MANAGED Uid: 10159 RequestorUid: 10159 RequestorPkg: com.google.android.gms UnderlyingNetworks: Null] ]] callback flags: 0 order: 2147483647 isUidTracked: true declaredMethods: AVAIL|LOST|NC|LP
  uid/pid:10159/14203 activeRequest: null callbackRequest: 299 [NetworkRequest [ LISTEN id=299, [ Capabilities: INTERNET&NOT_RESTRICTED&TRUSTED&NOT_VCN_MANAGED&NOT_BANDWIDTH_CONSTRAINED Uid: 10159 RequestorUid: 10159 RequestorPkg: com.google.android.gms UnderlyingNetworks: Null] ]] callback flags: 0 order: 2147483647 isUidTracked: true declaredMethods: AVAIL|LOSING|LOST|NC
  uid/pid:10159/14203 activeRequest: 301 callbackRequest: 300 [NetworkRequest [ TRACK_DEFAULT id=301, [ Capabilities: INTERNET&NOT_RESTRICTED&TRUSTED&NOT_VCN_MANAGED&NOT_BANDWIDTH_CONSTRAINED Uid: 10159 RequestorUid: 10159 RequestorPkg: com.google.android.gms UnderlyingNetworks: Null] ], NetworkRequest [ REQUEST id=302, [ Transports: SATELLITE Capabilities: INTERNET&NOT_RESTRICTED&TRUSTED&NOT_VCN_MANAGED Uid: 10159 RequestorUid: 10159 RequestorPkg: com.google.android.gms UnderlyingNetworks: Null] ]] callback flags: 0 order: 2147483647 isUidTracked: true declaredMethods: AVAIL|LOST|NC
  uid/pid:10172/12995 activeRequest: 307 callbackRequest: 306 [NetworkRequest [ REQUEST id=307, [ Capabilities: INTERNET&NOT_RESTRICTED&TRUSTED&NOT_VCN_MANAGED&NOT_BANDWIDTH_CONSTRAINED Uid: 10172 RequestorUid: 10172 RequestorPkg: com.android.vending UnderlyingNetworks: Null] ]] callback flags: 0 order: 2147483647 isUidTracked: true declaredMethods: AVAIL|LOST
  uid/pid:10159/5419 activeRequest: 311 callbackRequest: 310 [NetworkRequest [ TRACK_DEFAULT id=311, [ Capabilities: INTERNET&NOT_RESTRICTED&TRUSTED&NOT_VCN_MANAGED&NOT_BANDWIDTH_CONSTRAINED Uid: 10159 RequestorUid: 10159 RequestorPkg: com.google.android.gms UnderlyingNetworks: Null] ], NetworkRequest [ REQUEST id=312, [ Transports: SATELLITE Capabilities: INTERNET&NOT_RESTRICTED&TRUSTED&NOT_VCN_MANAGED Uid: 10159 RequestorUid: 10159 RequestorPkg: com.google.android.gms UnderlyingNetworks: Null] ]] callback flags: 0 order: 2147483647 isUidTracked: true declaredMethods: AVAIL|LOSING|LOST|UNAVAIL|NC|LP|BLK
  uid/pid:10418/11833 activeRequest: 314 callbackRequest: 313 [NetworkRequest [ REQUEST id=314, [ Capabilities: INTERNET&NOT_RESTRICTED&TRUSTED&NOT_VCN_MANAGED&NOT_BANDWIDTH_CONSTRAINED Uid: 10418 RequestorUid: 10418 RequestorPkg: com.mi.health UnderlyingNetworks: Null] ]] callback flags: 0 order: 2147483647 isUidTracked: true declaredMethods: AVAIL|LOST|NC
  uid/pid:10183/15628 activeRequest: 325 callbackRequest: 324 [NetworkRequest [ REQUEST id=325, [ Capabilities: INTERNET&NOT_RESTRICTED&TRUSTED&NOT_VCN_MANAGED&NOT_BANDWIDTH_CONSTRAINED Uid: 10183 RequestorUid: 10183 RequestorPkg: com.google.android.googlequicksearchbox UnderlyingNetworks: Null] ]] callback flags: 0 order: 2147483647 isUidTracked: true declaredMethods: AVAIL|LOST|NC|BLK
  uid/pid:10183/9135 activeRequest: 327 callbackRequest: 326 [NetworkRequest [ REQUEST id=327, [ Capabilities: INTERNET&NOT_RESTRICTED&TRUSTED&NOT_VCN_MANAGED&NOT_BANDWIDTH_CONSTRAINED Uid: 10183 RequestorUid: 10183 RequestorPkg: com.google.android.googlequicksearchbox UnderlyingNetworks: Null] ]] callback flags: 0 order: 2147483647 isUidTracked: true declaredMethods: AVAIL|LOST|NC|LP
  uid/pid:10183/9135 activeRequest: null callbackRequest: 328 [NetworkRequest [ LISTEN id=328, [ Capabilities: INTERNET&NOT_RESTRICTED&TRUSTED&NOT_VCN_MANAGED&NOT_BANDWIDTH_CONSTRAINED Uid: 10183 RequestorUid: 10183 RequestorPkg: com.google.android.googlequicksearchbox UnderlyingNetworks: Null] ]] callback flags: 0 order: 2147483647 isUidTracked: true declaredMethods: AVAIL|LOSING|LOST|NC
  uid/pid:1000/2793 asUid: 10162 activeRequest: 330 callbackRequest: 329 [NetworkRequest [ REQUEST id=330, [ Capabilities: INTERNET&NOT_RESTRICTED&TRUSTED&NOT_VCN_MANAGED&NOT_BANDWIDTH_CONSTRAINED Uid: 10162 RequestorUid: 1000 RequestorPkg: android UnderlyingNetworks: Null] ]] callback flags: 0 order: 2147483647 isUidTracked: true declaredMethods: AVAIL|LOST|BLK
  uid/pid:10414/16605 activeRequest: 332 callbackRequest: 331 [NetworkRequest [ REQUEST id=332, [ Capabilities: INTERNET&NOT_RESTRICTED&TRUSTED&NOT_VCN_MANAGED&NOT_BANDWIDTH_CONSTRAINED Uid: 10414 RequestorUid: 10414 RequestorPkg: com.google.android.apps.docs UnderlyingNetworks: Null] ]] callback flags: 0 order: 2147483647 isUidTracked: true declaredMethods: AVAIL|LOST|UNAVAIL|NC
  uid/pid:10184/9043 activeRequest: null callbackRequest: 333 [NetworkRequest [ LISTEN id=333, [ Transports: SATELLITE Capabilities: INTERNET&TRUSTED&NOT_VPN&NOT_VCN_MANAGED Uid: 10184 RequestorUid: 10184 RequestorPkg: com.google.android.apps.messaging UnderlyingNetworks: Null] ]] to trigger PendingIntent{969ebd6: PendingIntentRecord{578ce57 com.google.android.apps.messaging broadcastIntent}} callback flags: 0 order: 2147483647 isUidTracked: false declaredMethods: NONE
  uid/pid:1000/2793 asUid: 10414 activeRequest: 335 callbackRequest: 334 [NetworkRequest [ REQUEST id=335, [ Capabilities: INTERNET&NOT_RESTRICTED&TRUSTED&NOT_VCN_MANAGED&NOT_BANDWIDTH_CONSTRAINED Uid: 10414 RequestorUid: 1000 RequestorPkg: android UnderlyingNetworks: Null] ]] callback flags: 0 order: 2147483647 isUidTracked: true declaredMethods: AVAIL|LOST|BLK
  uid/pid:1000/2793 asUid: 10374 activeRequest: 345 callbackRequest: 344 [NetworkRequest [ REQUEST id=345, [ Capabilities: INTERNET&NOT_RESTRICTED&TRUSTED&NOT_VCN_MANAGED&NOT_BANDWIDTH_CONSTRAINED Uid: 10374 RequestorUid: 1000 RequestorPkg: android UnderlyingNetworks: Null] ]] callback flags: 0 order: 2147483647 isUidTracked: true declaredMethods: AVAIL|LOST|BLK
  uid/pid:10399/16748 activeRequest: 349 callbackRequest: 348 [NetworkRequest [ REQUEST id=349, [ Capabilities: INTERNET&NOT_RESTRICTED&TRUSTED&NOT_VCN_MANAGED&NOT_BANDWIDTH_CONSTRAINED Uid: 10399 RequestorUid: 10399 RequestorPkg: com.google.android.keep UnderlyingNetworks: Null] ]] callback flags: 0 order: 2147483647 isUidTracked: true declaredMethods: AVAIL|LOST|NC|BLK
  uid/pid:10184/9043 activeRequest: 351 callbackRequest: 350 [NetworkRequest [ TRACK_DEFAULT id=351, [ Capabilities: INTERNET&NOT_RESTRICTED&TRUSTED&NOT_VCN_MANAGED&NOT_BANDWIDTH_CONSTRAINED Uid: 10184 RequestorUid: 10184 RequestorPkg: com.google.android.apps.messaging UnderlyingNetworks: Null] ], NetworkRequest [ REQUEST id=352, [ Transports: SATELLITE Capabilities: INTERNET&TRUSTED&NOT_VCN_MANAGED Uid: 10184 RequestorUid: 10184 RequestorPkg: com.google.android.apps.messaging UnderlyingNetworks: Null] ], NetworkRequest [ REQUEST id=353, [ Transports: SATELLITE Capabilities: INTERNET&NOT_RESTRICTED&TRUSTED&NOT_VCN_MANAGED Uid: 10184 RequestorUid: 10184 RequestorPkg: com.google.android.apps.messaging UnderlyingNetworks: Null] ]] callback flags: 0 order: 2147483647 isUidTracked: true declaredMethods: AVAIL|LOST
  uid/pid:10159/7332 activeRequest: 355 callbackRequest: 354 [NetworkRequest [ TRACK_DEFAULT id=355, [ Capabilities: INTERNET&NOT_RESTRICTED&TRUSTED&NOT_VCN_MANAGED&NOT_BANDWIDTH_CONSTRAINED Uid: 10159 RequestorUid: 10159 RequestorPkg: com.google.android.gms UnderlyingNetworks: Null] ], NetworkRequest [ REQUEST id=356, [ Transports: SATELLITE Capabilities: INTERNET&NOT_RESTRICTED&TRUSTED&NOT_VCN_MANAGED Uid: 10159 RequestorUid: 10159 RequestorPkg: com.google.android.gms UnderlyingNetworks: Null] ]] callback flags: 0 order: 2147483647 isUidTracked: true declaredMethods: AVAIL|LOST|NC
  uid/pid:10385/17027 activeRequest: 358 callbackRequest: 357 [NetworkRequest [ REQUEST id=358, [ Capabilities: INTERNET&NOT_RESTRICTED&TRUSTED&NOT_VCN_MANAGED&NOT_BANDWIDTH_CONSTRAINED Uid: 10385 RequestorUid: 10385 RequestorPkg: com.paypal.android.p2pmobile UnderlyingNetworks: Null] ]] callback flags: 0 order: 2147483647 isUidTracked: true declaredMethods: AVAIL|LOST|NC
  uid/pid:1000/2793 asUid: 10385 activeRequest: 360 callbackRequest: 359 [NetworkRequest [ REQUEST id=360, [ Capabilities: INTERNET&NOT_RESTRICTED&TRUSTED&NOT_VCN_MANAGED&NOT_BANDWIDTH_CONSTRAINED Uid: 10385 RequestorUid: 1000 RequestorPkg: android UnderlyingNetworks: Null] ]] callback flags: 0 order: 2147483647 isUidTracked: true declaredMethods: AVAIL|LOST|BLK
  uid/pid:10385/17027 activeRequest: 362 callbackRequest: 361 [NetworkRequest [ REQUEST id=362, [ Capabilities: INTERNET&NOT_RESTRICTED&TRUSTED&NOT_VCN_MANAGED&NOT_BANDWIDTH_CONSTRAINED Uid: 10385 RequestorUid: 10385 RequestorPkg: com.paypal.android.p2pmobile UnderlyingNetworks: Null] ]] callback flags: 0 order: 2147483647 isUidTracked: true declaredMethods: AVAIL|LOST|NC
  uid/pid:10385/17027 activeRequest: 364 callbackRequest: 363 [NetworkRequest [ REQUEST id=364, [ Capabilities: INTERNET&NOT_RESTRICTED&TRUSTED&NOT_VCN_MANAGED&NOT_BANDWIDTH_CONSTRAINED Uid: 10385 RequestorUid: 10385 RequestorPkg: com.paypal.android.p2pmobile UnderlyingNetworks: Null] ]] callback flags: 0 order: 2147483647 isUidTracked: true declaredMethods: AVAIL|LOST
  uid/pid:10385/17027 activeRequest: null callbackRequest: 365 [NetworkRequest [ LISTEN id=365, [ Transports: WIFI Capabilities: NOT_RESTRICTED&TRUSTED&NOT_VPN&NOT_VCN_MANAGED&NOT_BANDWIDTH_CONSTRAINED Uid: 10385 RequestorUid: 10385 RequestorPkg: com.paypal.android.p2pmobile UnderlyingNetworks: Null] ]] callback flags: 0 order: 2147483647 isUidTracked: true declaredMethods: AVAIL|NC
  uid/pid:10385/17027 activeRequest: 367 callbackRequest: 366 [NetworkRequest [ REQUEST id=367, [ Capabilities: INTERNET&NOT_RESTRICTED&TRUSTED&NOT_VCN_MANAGED&NOT_BANDWIDTH_CONSTRAINED Uid: 10385 RequestorUid: 10385 RequestorPkg: com.paypal.android.p2pmobile UnderlyingNetworks: Null] ]] callback flags: 0 order: 2147483647 isUidTracked: true declaredMethods: AVAIL|LOST
  uid/pid:1000/2793 asUid: 10219 activeRequest: 369 callbackRequest: 368 [NetworkRequest [ REQUEST id=369, [ Capabilities: INTERNET&NOT_RESTRICTED&TRUSTED&NOT_VCN_MANAGED&NOT_BANDWIDTH_CONSTRAINED Uid: 10219 RequestorUid: 1000 RequestorPkg: android UnderlyingNetworks: Null] ]] callback flags: 0 order: 2147483647 isUidTracked: true declaredMethods: AVAIL|LOST|BLK
  uid/pid:10200/17747 activeRequest: 373 callbackRequest: 372 [NetworkRequest [ REQUEST id=373, [ Capabilities: INTERNET&NOT_RESTRICTED&TRUSTED&NOT_VCN_MANAGED&NOT_BANDWIDTH_CONSTRAINED Uid: 10200 RequestorUid: 10200 RequestorPkg: com.google.android.gm UnderlyingNetworks: Null] ]] callback flags: 0 order: 2147483647 isUidTracked: true declaredMethods: AVAIL|LOST|NC|LP
  uid/pid:10200/17747 activeRequest: null callbackRequest: 374 [NetworkRequest [ LISTEN id=374, [ Capabilities: INTERNET&NOT_RESTRICTED&TRUSTED&NOT_VCN_MANAGED&NOT_BANDWIDTH_CONSTRAINED Uid: 10200 RequestorUid: 10200 RequestorPkg: com.google.android.gm UnderlyingNetworks: Null] ]] callback flags: 0 order: 2147483647 isUidTracked: true declaredMethods: AVAIL|LOSING|LOST|NC
  uid/pid:10200/17747 activeRequest: 376 callbackRequest: 375 [NetworkRequest [ REQUEST id=376, [ Capabilities: INTERNET&NOT_RESTRICTED&TRUSTED&NOT_VCN_MANAGED&NOT_BANDWIDTH_CONSTRAINED Uid: 10200 RequestorUid: 10200 RequestorPkg: com.google.android.gm UnderlyingNetworks: Null] ]] callback flags: 0 order: 2147483647 isUidTracked: true declaredMethods: AVAIL|LOST|NC|LP
  uid/pid:10200/17747 activeRequest: null callbackRequest: 377 [NetworkRequest [ LISTEN id=377, [ Capabilities: INTERNET&NOT_RESTRICTED&TRUSTED&NOT_VCN_MANAGED&NOT_BANDWIDTH_CONSTRAINED Uid: 10200 RequestorUid: 10200 RequestorPkg: com.google.android.gm UnderlyingNetworks: Null] ]] callback flags: 0 order: 2147483647 isUidTracked: true declaredMethods: AVAIL|LOSING|LOST|NC
  uid/pid:10192/18702 activeRequest: 379 callbackRequest: 378 [NetworkRequest [ REQUEST id=379, [ Capabilities: INTERNET&NOT_RESTRICTED&TRUSTED&NOT_VCN_MANAGED&NOT_BANDWIDTH_CONSTRAINED Uid: 10192 RequestorUid: 10192 RequestorPkg: com.android.chrome UnderlyingNetworks: Null] ]] callback flags: 0 order: 2147483647 isUidTracked: true declaredMethods: AVAIL|LOST|NC|LP
  uid/pid:10192/18702 activeRequest: null callbackRequest: 380 [NetworkRequest [ LISTEN id=380, [ Capabilities: INTERNET&NOT_RESTRICTED&TRUSTED&FOREGROUND&NOT_VCN_MANAGED&NOT_BANDWIDTH_CONSTRAINED Uid: 10192 RequestorUid: 10192 RequestorPkg: com.android.chrome UnderlyingNetworks: Null] ]] callback flags: 0 order: 2147483647 isUidTracked: true declaredMethods: AVAIL|LOSING|LOST|NC
  uid/pid:1001/5293 activeRequest: null callbackRequest: 381 [NetworkRequest [ LISTEN id=381, [ Transports: CELLULAR Capabilities: MMS&NOT_RESTRICTED&TRUSTED&NOT_VPN&NOT_BANDWIDTH_CONSTRAINED Forbidden: LOCAL_NETWORK Uid: 1001 RequestorUid: 1001 RequestorPkg: com.android.phone UnderlyingNetworks: Null] ]] callback flags: 0 order: 2147483647 isUidTracked: true declaredMethods: AVAIL|LOST|NC
  uid/pid:10177/20389 activeRequest: 383 callbackRequest: 382 [NetworkRequest [ REQUEST id=383, [ Capabilities: INTERNET&NOT_RESTRICTED&TRUSTED&NOT_VCN_MANAGED&NOT_BANDWIDTH_CONSTRAINED Uid: 10177 RequestorUid: 10177 RequestorPkg: com.google.android.dialer UnderlyingNetworks: Null] ]] callback flags: 0 order: 2147483647 isUidTracked: true declaredMethods: AVAIL|LOST|NC|BLK
  uid/pid:10375/11887 activeRequest: null callbackRequest: 384 [NetworkRequest [ LISTEN id=384, [ Capabilities: NOT_RESTRICTED&TRUSTED&NOT_VCN_MANAGED&NOT_BANDWIDTH_CONSTRAINED Forbidden: LOCAL_NETWORK Uid: 10375 RequestorUid: 10375 RequestorPkg: com.tencent.mm UnderlyingNetworks: Null] ]] callback flags: 0 order: 2147483647 isUidTracked: true declaredMethods: AVAIL|LOST
  uid/pid:10375/11887 activeRequest: 386 callbackRequest: 385 [NetworkRequest [ REQUEST id=386, [ Capabilities: INTERNET&NOT_RESTRICTED&TRUSTED&NOT_VCN_MANAGED&NOT_BANDWIDTH_CONSTRAINED Uid: 10375 RequestorUid: 10375 RequestorPkg: com.tencent.mm UnderlyingNetworks: Null] ]] callback flags: 0 order: 2147483647 isUidTracked: true declaredMethods: AVAIL|LOSING|LOST|UNAVAIL|NC|LP|BLK
  uid/pid:10375/11887 activeRequest: null callbackRequest: 387 [NetworkRequest [ LISTEN id=387, [ Capabilities: NOT_RESTRICTED&TRUSTED&NOT_VPN&NOT_VCN_MANAGED&NOT_BANDWIDTH_CONSTRAINED Forbidden: LOCAL_NETWORK Uid: 10375 RequestorUid: 10375 RequestorPkg: com.tencent.mm UnderlyingNetworks: Null] ]] callback flags: 0 order: 2147483647 isUidTracked: true declaredMethods: AVAIL|LOST|NC
  uid/pid:10375/21944 activeRequest: 389 callbackRequest: 388 [NetworkRequest [ REQUEST id=389, [ Capabilities: INTERNET&NOT_RESTRICTED&TRUSTED&NOT_VCN_MANAGED&NOT_BANDWIDTH_CONSTRAINED Uid: 10375 RequestorUid: 10375 RequestorPkg: com.tencent.mm UnderlyingNetworks: Null] ]] callback flags: 0 order: 2147483647 isUidTracked: true declaredMethods: AVAIL|LOST|NC|LP
  uid/pid:10375/21944 activeRequest: null callbackRequest: 390 [NetworkRequest [ LISTEN id=390, [ Capabilities: INTERNET&NOT_RESTRICTED&TRUSTED&NOT_VCN_MANAGED&NOT_BANDWIDTH_CONSTRAINED Forbidden: LOCAL_NETWORK Uid: 10375 RequestorUid: 10375 RequestorPkg: com.tencent.mm UnderlyingNetworks: Null] ]] callback flags: 0 order: 2147483647 isUidTracked: true declaredMethods: AVAIL|LOSING|LOST|NC
  uid/pid:10375/21944 activeRequest: null callbackRequest: 391 [NetworkRequest [ LISTEN id=391, [ Capabilities: NOT_RESTRICTED&TRUSTED&NOT_VCN_MANAGED&NOT_BANDWIDTH_CONSTRAINED Forbidden: LOCAL_NETWORK Uid: 10375 RequestorUid: 10375 RequestorPkg: com.tencent.mm UnderlyingNetworks: Null] ]] callback flags: 0 order: 2147483647 isUidTracked: true declaredMethods: AVAIL|LOST
  uid/pid:10375/21944 activeRequest: null callbackRequest: 392 [NetworkRequest [ LISTEN id=392, [ Capabilities: NOT_RESTRICTED&NOT_VPN&NOT_VCN_MANAGED&NOT_BANDWIDTH_CONSTRAINED Forbidden: LOCAL_NETWORK Uid: 10375 RequestorUid: 10375 RequestorPkg: com.tencent.mm UnderlyingNetworks: Null] ]] callback flags: 0 order: 2147483647 isUidTracked: true declaredMethods: AVAIL|LOST
  uid/pid:10375/21944 activeRequest: 394 callbackRequest: 393 [NetworkRequest [ REQUEST id=394, [ Capabilities: INTERNET&NOT_RESTRICTED&TRUSTED&NOT_VCN_MANAGED&NOT_BANDWIDTH_CONSTRAINED Uid: 10375 RequestorUid: 10375 RequestorPkg: com.tencent.mm UnderlyingNetworks: Null] ]] callback flags: 0 order: 2147483647 isUidTracked: true declaredMethods: AVAIL|LOSING|LOST|UNAVAIL|NC|LP|BLK
  uid/pid:10330/17748 activeRequest: 400 callbackRequest: 399 [NetworkRequest [ REQUEST id=400, [ Capabilities: INTERNET&NOT_RESTRICTED&TRUSTED&NOT_VCN_MANAGED&NOT_BANDWIDTH_CONSTRAINED Uid: 10330 RequestorUid: 10330 RequestorPkg: com.openai.chatgpt UnderlyingNetworks: Null] ]] callback flags: 0 order: 2147483647 isUidTracked: true declaredMethods: AVAIL|LOST|NC
  uid/pid:1000/2793 asUid: 10330 activeRequest: 402 callbackRequest: 401 [NetworkRequest [ REQUEST id=402, [ Capabilities: INTERNET&NOT_RESTRICTED&TRUSTED&NOT_VCN_MANAGED&NOT_BANDWIDTH_CONSTRAINED Uid: 10330 RequestorUid: 1000 RequestorPkg: android UnderlyingNetworks: Null] ]] callback flags: 0 order: 2147483647 isUidTracked: true declaredMethods: AVAIL|LOST|BLK
  uid/pid:10159/5419 activeRequest: 404 callbackRequest: 403 [NetworkRequest [ TRACK_DEFAULT id=404, [ Capabilities: INTERNET&NOT_RESTRICTED&TRUSTED&NOT_VCN_MANAGED&NOT_BANDWIDTH_CONSTRAINED Uid: 10159 RequestorUid: 10159 RequestorPkg: com.google.android.gms UnderlyingNetworks: Null] ], NetworkRequest [ REQUEST id=405, [ Transports: SATELLITE Capabilities: INTERNET&NOT_RESTRICTED&TRUSTED&NOT_VCN_MANAGED Uid: 10159 RequestorUid: 10159 RequestorPkg: com.google.android.gms UnderlyingNetworks: Null] ]] callback flags: 0 order: 2147483647 isUidTracked: true declaredMethods: AVAIL|LOST
  uid/pid:10330/17748 activeRequest: 407 callbackRequest: 406 [NetworkRequest [ REQUEST id=407, [ Capabilities: INTERNET&NOT_RESTRICTED&TRUSTED&NOT_VCN_MANAGED&NOT_BANDWIDTH_CONSTRAINED Uid: 10330 RequestorUid: 10330 RequestorPkg: com.openai.chatgpt UnderlyingNetworks: Null] ]] callback flags: 0 order: 2147483647 isUidTracked: true declaredMethods: AVAIL|LOST|NC|LP
  uid/pid:10330/17748 activeRequest: null callbackRequest: 408 [NetworkRequest [ LISTEN id=408, [ Capabilities: INTERNET&NOT_RESTRICTED&TRUSTED&NOT_VCN_MANAGED&NOT_BANDWIDTH_CONSTRAINED Uid: 10330 RequestorUid: 10330 RequestorPkg: com.openai.chatgpt UnderlyingNetworks: Null] ]] callback flags: 0 order: 2147483647 isUidTracked: true declaredMethods: AVAIL|LOSING|LOST|NC
  uid/pid:10228/27636 activeRequest: 410 callbackRequest: 409 [NetworkRequest [ REQUEST id=410, [ Capabilities: INTERNET&NOT_RESTRICTED&TRUSTED&NOT_VCN_MANAGED&NOT_BANDWIDTH_CONSTRAINED Uid: 10228 RequestorUid: 10228 RequestorPkg: com.google.android.apps.photos UnderlyingNetworks: Null] ]] callback flags: 0 order: 2147483647 isUidTracked: true declaredMethods: AVAIL|LOST
  uid/pid:10183/15628 activeRequest: 416 callbackRequest: 415 [NetworkRequest [ REQUEST id=416, [ Capabilities: INTERNET&NOT_RESTRICTED&TRUSTED&NOT_VCN_MANAGED&NOT_BANDWIDTH_CONSTRAINED Uid: 10183 RequestorUid: 10183 RequestorPkg: com.google.android.googlequicksearchbox UnderlyingNetworks: Null] ]] callback flags: 0 order: 2147483647 isUidTracked: true declaredMethods: AVAIL|LOSING|LOST|UNAVAIL|NC|LP|BLK
  uid/pid:10183/5796 activeRequest: 418 callbackRequest: 417 [NetworkRequest [ REQUEST id=418, [ Capabilities: INTERNET&NOT_RESTRICTED&TRUSTED&NOT_VCN_MANAGED&NOT_BANDWIDTH_CONSTRAINED Uid: 10183 RequestorUid: 10183 RequestorPkg: com.google.android.googlequicksearchbox UnderlyingNetworks: Null] ]] callback flags: 0 order: 2147483647 isUidTracked: true declaredMethods: AVAIL|LOSING|LOST|UNAVAIL|NC|LP|BLK
  uid/pid:10183/15628 activeRequest: 420 callbackRequest: 419 [NetworkRequest [ REQUEST id=420, [ Capabilities: INTERNET&NOT_RESTRICTED&TRUSTED&NOT_VCN_MANAGED&NOT_BANDWIDTH_CONSTRAINED Uid: 10183 RequestorUid: 10183 RequestorPkg: com.google.android.googlequicksearchbox UnderlyingNetworks: Null] ]] callback flags: 0 order: 2147483647 isUidTracked: true declaredMethods: AVAIL|LOST|NC|LP
  uid/pid:10183/15628 activeRequest: null callbackRequest: 421 [NetworkRequest [ LISTEN id=421, [ Capabilities: INTERNET&NOT_RESTRICTED&TRUSTED&NOT_VCN_MANAGED&NOT_BANDWIDTH_CONSTRAINED Uid: 10183 RequestorUid: 10183 RequestorPkg: com.google.android.googlequicksearchbox UnderlyingNetworks: Null] ]] callback flags: 0 order: 2147483647 isUidTracked: true declaredMethods: AVAIL|LOSING|LOST|NC
  uid/pid:10192/18702 activeRequest: 425 callbackRequest: 424 [NetworkRequest [ REQUEST id=425, [ Capabilities: INTERNET&NOT_RESTRICTED&TRUSTED&NOT_VCN_MANAGED&NOT_BANDWIDTH_CONSTRAINED Uid: 10192 RequestorUid: 10192 RequestorPkg: com.android.chrome UnderlyingNetworks: Null] ]] callback flags: 0 order: 2147483647 isUidTracked: true declaredMethods: AVAIL|LOST|NC|LP
  uid/pid:10192/18702 activeRequest: null callbackRequest: 426 [NetworkRequest [ LISTEN id=426, [ Capabilities: INTERNET&NOT_RESTRICTED&TRUSTED&FOREGROUND&NOT_VCN_MANAGED&NOT_BANDWIDTH_CONSTRAINED Uid: 10192 RequestorUid: 10192 RequestorPkg: com.android.chrome UnderlyingNetworks: Null] ]] callback flags: 0 order: 2147483647 isUidTracked: true declaredMethods: AVAIL|LOSING|LOST|NC
  uid/pid:10331/22046 activeRequest: null callbackRequest: 436 [NetworkRequest [ LISTEN id=436, [ Transports: CELLULAR|WIFI Capabilities: NOT_RESTRICTED&TRUSTED&NOT_VPN&NOT_VCN_MANAGED&NOT_BANDWIDTH_CONSTRAINED Forbidden: LOCAL_NETWORK Uid: 10331 RequestorUid: 10331 RequestorPkg: com.tencent.wework UnderlyingNetworks: Null] ]] callback flags: 0 order: 2147483647 isUidTracked: true declaredMethods: AVAIL
  uid/pid:10331/22046 activeRequest: 438 callbackRequest: 437 [NetworkRequest [ REQUEST id=438, [ Capabilities: INTERNET&NOT_RESTRICTED&TRUSTED&NOT_VCN_MANAGED&NOT_BANDWIDTH_CONSTRAINED Uid: 10331 RequestorUid: 10331 RequestorPkg: com.tencent.wework UnderlyingNetworks: Null] ]] callback flags: 0 order: 2147483647 isUidTracked: true declaredMethods: AVAIL|LOST|NC|LP
  uid/pid:10331/22046 activeRequest: null callbackRequest: 439 [NetworkRequest [ LISTEN id=439, [ Capabilities: INTERNET&NOT_RESTRICTED&TRUSTED&NOT_VCN_MANAGED&NOT_BANDWIDTH_CONSTRAINED Forbidden: LOCAL_NETWORK Uid: 10331 RequestorUid: 10331 RequestorPkg: com.tencent.wework UnderlyingNetworks: Null] ]] callback flags: 0 order: 2147483647 isUidTracked: true declaredMethods: AVAIL|LOSING|LOST|NC
  uid/pid:10236/4735 activeRequest: 460 callbackRequest: 459 [NetworkRequest [ REQUEST id=460, [ Capabilities: INTERNET&NOT_RESTRICTED&TRUSTED&NOT_VCN_MANAGED&NOT_BANDWIDTH_CONSTRAINED Uid: 10236 RequestorUid: 10236 RequestorPkg: com.google.android.youtube UnderlyingNetworks: Null] ]] callback flags: 0 order: 2147483647 isUidTracked: true declaredMethods: AVAIL|NC|BLK
  uid/pid:10236/4735 activeRequest: 462 callbackRequest: 461 [NetworkRequest [ REQUEST id=462, [ Capabilities: INTERNET&NOT_RESTRICTED&TRUSTED&NOT_VCN_MANAGED&NOT_BANDWIDTH_CONSTRAINED Uid: 10236 RequestorUid: 10236 RequestorPkg: com.google.android.youtube UnderlyingNetworks: Null] ]] callback flags: 0 order: 2147483647 isUidTracked: true declaredMethods: AVAIL|LOST|NC|LP
  uid/pid:10236/4735 activeRequest: null callbackRequest: 463 [NetworkRequest [ LISTEN id=463, [ Capabilities: INTERNET&NOT_RESTRICTED&TRUSTED&FOREGROUND&NOT_VCN_MANAGED&NOT_BANDWIDTH_CONSTRAINED Uid: 10236 RequestorUid: 10236 RequestorPkg: com.google.android.youtube UnderlyingNetworks: Null] ]] callback flags: 0 order: 2147483647 isUidTracked: true declaredMethods: AVAIL|LOSING|LOST|NC
  uid/pid:10236/4735 activeRequest: 465 callbackRequest: 464 [NetworkRequest [ REQUEST id=465, [ Capabilities: INTERNET&NOT_RESTRICTED&TRUSTED&NOT_VCN_MANAGED&NOT_BANDWIDTH_CONSTRAINED Uid: 10236 RequestorUid: 10236 RequestorPkg: com.google.android.youtube UnderlyingNetworks: Null] ]] callback flags: 0 order: 2147483647 isUidTracked: true declaredMethods: AVAIL|LOST
  uid/pid:10236/4735 activeRequest: 467 callbackRequest: 466 [NetworkRequest [ REQUEST id=467, [ Capabilities: INTERNET&NOT_RESTRICTED&TRUSTED&NOT_VCN_MANAGED&NOT_BANDWIDTH_CONSTRAINED Uid: 10236 RequestorUid: 10236 RequestorPkg: com.google.android.youtube UnderlyingNetworks: Null] ]] callback flags: 0 order: 2147483647 isUidTracked: true declaredMethods: AVAIL|LOST|NC
  uid/pid:10236/4735 activeRequest: null callbackRequest: 472 [NetworkRequest [ LISTEN id=472, [ Transports: WIFI Capabilities: NOT_RESTRICTED&TRUSTED&NOT_VPN&FOREGROUND&NOT_VCN_MANAGED&NOT_BANDWIDTH_CONSTRAINED RequestorUid: 10236 RequestorPkg: com.google.android.youtube UnderlyingNetworks: Null] ]] callback flags: 0 order: 2147483647 isUidTracked: true declaredMethods: AVAIL|LOST|UNAVAIL|LP
  uid/pid:1000/2793 asUid: 10236 activeRequest: 478 callbackRequest: 477 [NetworkRequest [ REQUEST id=478, [ Capabilities: INTERNET&NOT_RESTRICTED&TRUSTED&NOT_VCN_MANAGED&NOT_BANDWIDTH_CONSTRAINED Uid: 10236 RequestorUid: 1000 RequestorPkg: android UnderlyingNetworks: Null] ]] callback flags: 0 order: 2147483647 isUidTracked: true declaredMethods: AVAIL|LOST|BLK
  uid/pid:10236/4735 activeRequest: 481 callbackRequest: 480 [NetworkRequest [ REQUEST id=481, [ Capabilities: INTERNET&NOT_RESTRICTED&TRUSTED&NOT_VCN_MANAGED&NOT_BANDWIDTH_CONSTRAINED Uid: 10236 RequestorUid: 10236 RequestorPkg: com.google.android.youtube UnderlyingNetworks: Null] ]] callback flags: 0 order: 2147483647 isUidTracked: true declaredMethods: AVAIL|LOST|NC|BLK
  uid/pid:1000/2793 asUid: 10327 activeRequest: 497 callbackRequest: 496 [NetworkRequest [ REQUEST id=497, [ Capabilities: INTERNET&NOT_RESTRICTED&TRUSTED&NOT_VCN_MANAGED&NOT_BANDWIDTH_CONSTRAINED Uid: 10327 RequestorUid: 1000 RequestorPkg: android UnderlyingNetworks: Null] ]] callback flags: 0 order: 2147483647 isUidTracked: true declaredMethods: AVAIL|LOST|BLK
  uid/pid:10327/8943 activeRequest: 499 callbackRequest: 498 [NetworkRequest [ REQUEST id=499, [ Capabilities: INTERNET&NOT_RESTRICTED&TRUSTED&NOT_VCN_MANAGED&NOT_BANDWIDTH_CONSTRAINED Uid: 10327 RequestorUid: 10327 RequestorPkg: com.google.android.apps.youtube.music UnderlyingNetworks: Null] ]] callback flags: 0 order: 2147483647 isUidTracked: true declaredMethods: AVAIL|LOST|NC|BLK
  uid/pid:10331/6109 activeRequest: 517 callbackRequest: 516 [NetworkRequest [ REQUEST id=517, [ Capabilities: INTERNET&NOT_RESTRICTED&TRUSTED&NOT_VCN_MANAGED&NOT_BANDWIDTH_CONSTRAINED Uid: 10331 RequestorUid: 10331 RequestorPkg: com.tencent.wework UnderlyingNetworks: Null] ]] callback flags: 0 order: 2147483647 isUidTracked: true declaredMethods: AVAIL|LOST|NC|LP
  uid/pid:10331/6109 activeRequest: null callbackRequest: 518 [NetworkRequest [ LISTEN id=518, [ Capabilities: INTERNET&NOT_RESTRICTED&TRUSTED&NOT_VCN_MANAGED&NOT_BANDWIDTH_CONSTRAINED Forbidden: LOCAL_NETWORK Uid: 10331 RequestorUid: 10331 RequestorPkg: com.tencent.wework UnderlyingNetworks: Null] ]] callback flags: 0 order: 2147483647 isUidTracked: true declaredMethods: AVAIL|LOSING|LOST|NC
  uid/pid:10331/6109 activeRequest: null callbackRequest: 519 [NetworkRequest [ LISTEN id=519, [ Transports: CELLULAR|WIFI Capabilities: NOT_RESTRICTED&TRUSTED&NOT_VPN&NOT_VCN_MANAGED&NOT_BANDWIDTH_CONSTRAINED Forbidden: LOCAL_NETWORK Uid: 10331 RequestorUid: 10331 RequestorPkg: com.tencent.wework UnderlyingNetworks: Null] ]] callback flags: 0 order: 2147483647 isUidTracked: true declaredMethods: AVAIL
  uid/pid:10331/6109 activeRequest: 520 callbackRequest: 520 [NetworkRequest [ REQUEST id=520, [ Capabilities: NOT_RESTRICTED&TRUSTED&NOT_VPN&NOT_VCN_MANAGED&NOT_BANDWIDTH_CONSTRAINED Forbidden: LOCAL_NETWORK Uid: 10331 RequestorUid: 10331 RequestorPkg: com.tencent.wework UnderlyingNetworks: Null] ]] callback flags: 0 order: 2147483647 isUidTracked: true declaredMethods: AVAIL|LOSING|LOST|NC|LP
  uid/pid:10304/11538 activeRequest: 523 callbackRequest: 522 [NetworkRequest [ REQUEST id=523, [ Capabilities: INTERNET&NOT_RESTRICTED&TRUSTED&NOT_VCN_MANAGED&NOT_BANDWIDTH_CONSTRAINED Uid: 10304 RequestorUid: 10304 RequestorPkg: com.miui.android.fashiongallery UnderlyingNetworks: Null] ]] callback flags: 0 order: 2147483647 isUidTracked: true declaredMethods: AVAIL|LOST|NC
  uid/pid:10304/11538 activeRequest: 527 callbackRequest: 526 [NetworkRequest [ REQUEST id=527, [ Capabilities: INTERNET&NOT_RESTRICTED&TRUSTED&NOT_VCN_MANAGED&NOT_BANDWIDTH_CONSTRAINED Uid: 10304 RequestorUid: 10304 RequestorPkg: com.miui.android.fashiongallery UnderlyingNetworks: Null] ]] callback flags: 0 order: 2147483647 isUidTracked: true declaredMethods: AVAIL|LOST|NC
  uid/pid:10379/8961 activeRequest: null callbackRequest: 540 [NetworkRequest [ LISTEN id=540, [ Transports: WIFI Capabilities: NOT_RESTRICTED&TRUSTED&NOT_VPN&FOREGROUND&NOT_VCN_MANAGED&NOT_BANDWIDTH_CONSTRAINED Uid: 10379 RequestorUid: 10379 RequestorPkg: org.telegram.messenger UnderlyingNetworks: Null] ]] callback flags: 0 order: 2147483647 isUidTracked: true declaredMethods: AVAIL|LOST|UNAVAIL|LP
  uid/pid:10334/29326 activeRequest: 550 callbackRequest: 549 [NetworkRequest [ REQUEST id=550, [ Capabilities: INTERNET&NOT_RESTRICTED&TRUSTED&NOT_VCN_MANAGED&NOT_BANDWIDTH_CONSTRAINED Uid: 10334 RequestorUid: 10334 RequestorPkg: com.taobao.taobao UnderlyingNetworks: Null] ]] callback flags: 0 order: 2147483647 isUidTracked: true declaredMethods: AVAIL|LOST|NC|LP
  uid/pid:10334/29326 activeRequest: 551 callbackRequest: 551 [NetworkRequest [ REQUEST id=551, [ Transports: CELLULAR Capabilities: INTERNET&NOT_RESTRICTED&TRUSTED&NOT_VPN&NOT_VCN_MANAGED&NOT_BANDWIDTH_CONSTRAINED Uid: 10334 RequestorUid: 10334 RequestorPkg: com.taobao.taobao UnderlyingNetworks: Null] ]] callback flags: 0 order: 2147483647 isUidTracked: true declaredMethods: AVAIL|LOST
  uid/pid:10334/29326 activeRequest: 552 callbackRequest: 552 [NetworkRequest [ REQUEST id=552, [ Transports: CELLULAR Capabilities: INTERNET&NOT_RESTRICTED&TRUSTED&NOT_VPN&NOT_VCN_MANAGED&NOT_BANDWIDTH_CONSTRAINED Uid: 10334 RequestorUid: 10334 RequestorPkg: com.taobao.taobao UnderlyingNetworks: Null] ]] callback flags: 0 order: 2147483647 isUidTracked: true declaredMethods: AVAIL|LOST
  uid/pid:10334/29326 activeRequest: null callbackRequest: 553 [NetworkRequest [ REQUEST id=553, [ Transports: WIFI Capabilities: INTERNET&NOT_RESTRICTED&TRUSTED&NOT_VPN&NOT_VCN_MANAGED&NOT_BANDWIDTH_CONSTRAINED Uid: 10334 RequestorUid: 10334 RequestorPkg: com.taobao.taobao UnderlyingNetworks: Null] ]] callback flags: 0 order: 2147483647 isUidTracked: true declaredMethods: AVAIL|LOST
  uid/pid:10334/29326 activeRequest: 554 callbackRequest: 554 [NetworkRequest [ REQUEST id=554, [ Transports: CELLULAR Capabilities: INTERNET&NOT_RESTRICTED&TRUSTED&NOT_VPN&NOT_VCN_MANAGED&NOT_BANDWIDTH_CONSTRAINED Uid: 10334 RequestorUid: 10334 RequestorPkg: com.taobao.taobao UnderlyingNetworks: Null] ]] callback flags: 0 order: 2147483647 isUidTracked: true declaredMethods: AVAIL|LOST
  uid/pid:10334/29326 activeRequest: null callbackRequest: 555 [NetworkRequest [ REQUEST id=555, [ Transports: WIFI Capabilities: INTERNET&NOT_RESTRICTED&TRUSTED&NOT_VPN&NOT_VCN_MANAGED&NOT_BANDWIDTH_CONSTRAINED Uid: 10334 RequestorUid: 10334 RequestorPkg: com.taobao.taobao UnderlyingNetworks: Null] ]] callback flags: 0 order: 2147483647 isUidTracked: true declaredMethods: AVAIL|LOST
  uid/pid:10334/29326 activeRequest: null callbackRequest: 556 [NetworkRequest [ LISTEN id=556, [ Transports: CELLULAR|WIFI Capabilities: INTERNET&NOT_RESTRICTED&TRUSTED&NOT_VPN&NOT_VCN_MANAGED&NOT_BANDWIDTH_CONSTRAINED Uid: 10334 RequestorUid: 10334 RequestorPkg: com.taobao.taobao UnderlyingNetworks: Null] ]] callback flags: 0 order: 2147483647 isUidTracked: true declaredMethods: AVAIL|LOST
  uid/pid:10334/29326 activeRequest: null callbackRequest: 557 [NetworkRequest [ LISTEN id=557, [ Transports: CELLULAR Capabilities: NOT_RESTRICTED&TRUSTED&NOT_VPN&NOT_VCN_MANAGED&NOT_BANDWIDTH_CONSTRAINED Uid: 10334 RequestorUid: 10334 RequestorPkg: com.taobao.taobao UnderlyingNetworks: Null] ]] callback flags: 0 order: 2147483647 isUidTracked: true declaredMethods: AVAIL|LOST
  uid/pid:10334/29326 activeRequest: 560 callbackRequest: 559 [NetworkRequest [ REQUEST id=560, [ Capabilities: INTERNET&NOT_RESTRICTED&TRUSTED&NOT_VCN_MANAGED&NOT_BANDWIDTH_CONSTRAINED Uid: 10334 RequestorUid: 10334 RequestorPkg: com.taobao.taobao UnderlyingNetworks: Null] ]] callback flags: 0 order: 2147483647 isUidTracked: true declaredMethods: AVAIL|LOST|NC
  uid/pid:10334/25927 activeRequest: 562 callbackRequest: 561 [NetworkRequest [ REQUEST id=562, [ Capabilities: INTERNET&NOT_RESTRICTED&TRUSTED&NOT_VCN_MANAGED&NOT_BANDWIDTH_CONSTRAINED Uid: 10334 RequestorUid: 10334 RequestorPkg: com.taobao.taobao UnderlyingNetworks: Null] ]] callback flags: 0 order: 2147483647 isUidTracked: true declaredMethods: AVAIL|LOST|NC|LP
  uid/pid:10334/25927 activeRequest: 563 callbackRequest: 563 [NetworkRequest [ REQUEST id=563, [ Transports: CELLULAR Capabilities: INTERNET&NOT_RESTRICTED&TRUSTED&NOT_VPN&NOT_VCN_MANAGED&NOT_BANDWIDTH_CONSTRAINED Uid: 10334 RequestorUid: 10334 RequestorPkg: com.taobao.taobao UnderlyingNetworks: Null] ]] callback flags: 0 order: 2147483647 isUidTracked: true declaredMethods: AVAIL|LOST
  uid/pid:10334/25927 activeRequest: 564 callbackRequest: 564 [NetworkRequest [ REQUEST id=564, [ Transports: CELLULAR Capabilities: INTERNET&NOT_RESTRICTED&TRUSTED&NOT_VPN&NOT_VCN_MANAGED&NOT_BANDWIDTH_CONSTRAINED Uid: 10334 RequestorUid: 10334 RequestorPkg: com.taobao.taobao UnderlyingNetworks: Null] ]] callback flags: 0 order: 2147483647 isUidTracked: true declaredMethods: AVAIL|LOST
  uid/pid:10334/25927 activeRequest: null callbackRequest: 565 [NetworkRequest [ REQUEST id=565, [ Transports: WIFI Capabilities: INTERNET&NOT_RESTRICTED&TRUSTED&NOT_VPN&NOT_VCN_MANAGED&NOT_BANDWIDTH_CONSTRAINED Uid: 10334 RequestorUid: 10334 RequestorPkg: com.taobao.taobao UnderlyingNetworks: Null] ]] callback flags: 0 order: 2147483647 isUidTracked: true declaredMethods: AVAIL|LOST
  uid/pid:10334/29326 activeRequest: 567 callbackRequest: 566 [NetworkRequest [ REQUEST id=567, [ Capabilities: INTERNET&NOT_RESTRICTED&TRUSTED&NOT_VCN_MANAGED&NOT_BANDWIDTH_CONSTRAINED Uid: 10334 RequestorUid: 10334 RequestorPkg: com.taobao.taobao UnderlyingNetworks: Null] ]] callback flags: 0 order: 2147483647 isUidTracked: true declaredMethods: AVAIL|LOST|UNAVAIL
  uid/pid:10334/29326 activeRequest: null callbackRequest: 568 [NetworkRequest [ LISTEN id=568, [ Capabilities: INTERNET&NOT_RESTRICTED&TRUSTED&NOT_VPN&NOT_VCN_MANAGED&NOT_BANDWIDTH_CONSTRAINED Uid: 10334 RequestorUid: 10334 RequestorPkg: com.taobao.taobao UnderlyingNetworks: Null] ]] callback flags: 0 order: 2147483647 isUidTracked: true declaredMethods: AVAIL|LOSING|LOST|UNAVAIL|NC|LP
  uid/pid:10334/29326 activeRequest: 573 callbackRequest: 572 [NetworkRequest [ REQUEST id=573, [ Capabilities: INTERNET&NOT_RESTRICTED&TRUSTED&NOT_VCN_MANAGED&NOT_BANDWIDTH_CONSTRAINED Uid: 10334 RequestorUid: 10334 RequestorPkg: com.taobao.taobao UnderlyingNetworks: Null] ]] callback flags: 0 order: 2147483647 isUidTracked: true declaredMethods: AVAIL|LOST|NC|LP
  uid/pid:10334/29326 activeRequest: null callbackRequest: 574 [NetworkRequest [ LISTEN id=574, [ Capabilities: INTERNET&NOT_RESTRICTED&TRUSTED&NOT_VCN_MANAGED&NOT_BANDWIDTH_CONSTRAINED Uid: 10334 RequestorUid: 10334 RequestorPkg: com.taobao.taobao UnderlyingNetworks: Null] ]] callback flags: 0 order: 2147483647 isUidTracked: true declaredMethods: AVAIL|LOSING|LOST|NC
  uid/pid:10334/29326 activeRequest: null callbackRequest: 575 [NetworkRequest [ LISTEN id=575, [ Capabilities: NOT_RESTRICTED&TRUSTED&NOT_VPN&NOT_VCN_MANAGED&NOT_BANDWIDTH_CONSTRAINED Uid: 10334 RequestorUid: 10334 RequestorPkg: com.taobao.taobao UnderlyingNetworks: Null] ]] callback flags: 0 order: 2147483647 isUidTracked: true declaredMethods: AVAIL|LOST|NC
  uid/pid:10164/24409 activeRequest: 581 callbackRequest: 580 [NetworkRequest [ REQUEST id=581, [ Capabilities: INTERNET&NOT_RESTRICTED&TRUSTED&NOT_VCN_MANAGED&NOT_BANDWIDTH_CONSTRAINED Uid: 10164 RequestorUid: 10164 RequestorPkg: com.miui.gallery UnderlyingNetworks: Null] ]] callback flags: 0 order: 2147483647 isUidTracked: true declaredMethods: AVAIL|LOST|NC
  uid/pid:10228/27636 activeRequest: 583 callbackRequest: 582 [NetworkRequest [ REQUEST id=583, [ Capabilities: INTERNET&NOT_RESTRICTED&TRUSTED&NOT_VCN_MANAGED&NOT_BANDWIDTH_CONSTRAINED Uid: 10228 RequestorUid: 10228 RequestorPkg: com.google.android.apps.photos UnderlyingNetworks: Null] ]] callback flags: 0 order: 2147483647 isUidTracked: true declaredMethods: AVAIL|LOST|NC|LP
  uid/pid:10228/27636 activeRequest: null callbackRequest: 584 [NetworkRequest [ LISTEN id=584, [ Capabilities: INTERNET&NOT_RESTRICTED&TRUSTED&NOT_VCN_MANAGED&NOT_BANDWIDTH_CONSTRAINED Uid: 10228 RequestorUid: 10228 RequestorPkg: com.google.android.apps.photos UnderlyingNetworks: Null] ]] callback flags: 0 order: 2147483647 isUidTracked: true declaredMethods: AVAIL|LOSING|LOST|NC
  uid/pid:1000/2793 asUid: 10164 activeRequest: 586 callbackRequest: 585 [NetworkRequest [ REQUEST id=586, [ Capabilities: INTERNET&NOT_RESTRICTED&TRUSTED&NOT_VCN_MANAGED&NOT_BANDWIDTH_CONSTRAINED Uid: 10164 RequestorUid: 1000 RequestorPkg: android UnderlyingNetworks: Null] ]] callback flags: 0 order: 2147483647 isUidTracked: true declaredMethods: AVAIL|LOST|BLK
  uid/pid:10164/24409 activeRequest: 588 callbackRequest: 587 [NetworkRequest [ REQUEST id=588, [ Capabilities: INTERNET&NOT_RESTRICTED&TRUSTED&NOT_VCN_MANAGED&NOT_BANDWIDTH_CONSTRAINED Uid: 10164 RequestorUid: 10164 RequestorPkg: com.miui.gallery UnderlyingNetworks: Null] ]] callback flags: 0 order: 2147483647 isUidTracked: true declaredMethods: AVAIL|LOST|NC
  uid/pid:10228/27636 activeRequest: 590 callbackRequest: 589 [NetworkRequest [ REQUEST id=590, [ Capabilities: INTERNET&NOT_RESTRICTED&TRUSTED&NOT_VCN_MANAGED&NOT_BANDWIDTH_CONSTRAINED Uid: 10228 RequestorUid: 10228 RequestorPkg: com.google.android.apps.photos UnderlyingNetworks: Null] ]] callback flags: 0 order: 2147483647 isUidTracked: true declaredMethods: AVAIL|LOST|NC|BLK
  uid/pid:10183/15628 activeRequest: 593 callbackRequest: 592 [NetworkRequest [ REQUEST id=593, [ Capabilities: INTERNET&NOT_RESTRICTED&TRUSTED&NOT_VCN_MANAGED&NOT_BANDWIDTH_CONSTRAINED Uid: 10183 RequestorUid: 10183 RequestorPkg: com.google.android.googlequicksearchbox UnderlyingNetworks: Null] ]] callback flags: 0 order: 2147483647 isUidTracked: true declaredMethods: AVAIL|LOST
  uid/pid:10193/7930 activeRequest: 595 callbackRequest: 594 [NetworkRequest [ REQUEST id=595, [ Capabilities: INTERNET&NOT_RESTRICTED&TRUSTED&NOT_VCN_MANAGED&NOT_BANDWIDTH_CONSTRAINED Uid: 10193 RequestorUid: 10193 RequestorPkg: com.google.android.inputmethod.latin UnderlyingNetworks: Null] ]] callback flags: 0 order: 2147483647 isUidTracked: true declaredMethods: AVAIL|LOST
  uid/pid:1000/2793 asUid: 10192 activeRequest: 603 callbackRequest: 602 [NetworkRequest [ REQUEST id=603, [ Capabilities: INTERNET&NOT_RESTRICTED&TRUSTED&NOT_VCN_MANAGED&NOT_BANDWIDTH_CONSTRAINED Uid: 10192 RequestorUid: 1000 RequestorPkg: android UnderlyingNetworks: Null] ]] callback flags: 0 order: 2147483647 isUidTracked: true declaredMethods: AVAIL|LOST|BLK
  uid/pid:10168/10606 activeRequest: 655 callbackRequest: 654 [NetworkRequest [ REQUEST id=655, [ Capabilities: INTERNET&NOT_RESTRICTED&TRUSTED&NOT_VCN_MANAGED&NOT_BANDWIDTH_CONSTRAINED Uid: 10168 RequestorUid: 10168 RequestorPkg: com.google.android.apps.safetyhub UnderlyingNetworks: Null] ]] callback flags: 0 order: 2147483647 isUidTracked: true declaredMethods: AVAIL|LOST
  uid/pid:10184/9043 activeRequest: 660 callbackRequest: 659 [NetworkRequest [ TRACK_DEFAULT id=660, [ Capabilities: INTERNET&NOT_RESTRICTED&TRUSTED&NOT_VCN_MANAGED&NOT_BANDWIDTH_CONSTRAINED Uid: 10184 RequestorUid: 10184 RequestorPkg: com.google.android.apps.messaging UnderlyingNetworks: Null] ], NetworkRequest [ REQUEST id=661, [ Transports: SATELLITE Capabilities: INTERNET&TRUSTED&NOT_VCN_MANAGED Uid: 10184 RequestorUid: 10184 RequestorPkg: com.google.android.apps.messaging UnderlyingNetworks: Null] ], NetworkRequest [ REQUEST id=662, [ Transports: SATELLITE Capabilities: INTERNET&NOT_RESTRICTED&TRUSTED&NOT_VCN_MANAGED Uid: 10184 RequestorUid: 10184 RequestorPkg: com.google.android.apps.messaging UnderlyingNetworks: Null] ]] callback flags: 0 order: 2147483647 isUidTracked: true declaredMethods: AVAIL|LOST|NC|LP
  uid/pid:10184/9043 activeRequest: null callbackRequest: 663 [NetworkRequest [ LISTEN id=663, [ Capabilities: INTERNET&NOT_RESTRICTED&TRUSTED&NOT_VCN_MANAGED&NOT_BANDWIDTH_CONSTRAINED Uid: 10184 RequestorUid: 10184 RequestorPkg: com.google.android.apps.messaging UnderlyingNetworks: Null] ]] callback flags: 0 order: 2147483647 isUidTracked: true declaredMethods: AVAIL|LOSING|LOST|NC
  uid/pid:10330/17748 activeRequest: 742 callbackRequest: 741 [NetworkRequest [ REQUEST id=742, [ Capabilities: INTERNET&NOT_RESTRICTED&TRUSTED&NOT_VCN_MANAGED&NOT_BANDWIDTH_CONSTRAINED Uid: 10330 RequestorUid: 10330 RequestorPkg: com.openai.chatgpt UnderlyingNetworks: Null] ]] callback flags: 0 order: 2147483647 isUidTracked: true declaredMethods: AVAIL|LOST|NC|LP
  uid/pid:10330/17748 activeRequest: null callbackRequest: 743 [NetworkRequest [ LISTEN id=743, [ Capabilities: INTERNET&NOT_RESTRICTED&TRUSTED&NOT_VCN_MANAGED&NOT_BANDWIDTH_CONSTRAINED Uid: 10330 RequestorUid: 10330 RequestorPkg: com.openai.chatgpt UnderlyingNetworks: Null] ]] callback flags: 0 order: 2147483647 isUidTracked: true declaredMethods: AVAIL|LOSING|LOST|NC
  uid/pid:10177/20389 activeRequest: 796 callbackRequest: 795 [NetworkRequest [ REQUEST id=796, [ Capabilities: INTERNET&NOT_RESTRICTED&TRUSTED&NOT_VCN_MANAGED&NOT_BANDWIDTH_CONSTRAINED Uid: 10177 RequestorUid: 10177 RequestorPkg: com.google.android.dialer UnderlyingNetworks: Null] ]] callback flags: 0 order: 2147483647 isUidTracked: true declaredMethods: AVAIL|LOST
  uid/pid:10177/20389 activeRequest: 798 callbackRequest: 797 [NetworkRequest [ REQUEST id=798, [ Capabilities: INTERNET&NOT_RESTRICTED&TRUSTED&NOT_VCN_MANAGED&NOT_BANDWIDTH_CONSTRAINED Uid: 10177 RequestorUid: 10177 RequestorPkg: com.google.android.dialer UnderlyingNetworks: Null] ]] callback flags: 0 order: 2147483647 isUidTracked: true declaredMethods: AVAIL|LOST|NC|LP
  uid/pid:10177/20389 activeRequest: null callbackRequest: 799 [NetworkRequest [ LISTEN id=799, [ Capabilities: INTERNET&NOT_RESTRICTED&TRUSTED&NOT_VCN_MANAGED&NOT_BANDWIDTH_CONSTRAINED Uid: 10177 RequestorUid: 10177 RequestorPkg: com.google.android.dialer UnderlyingNetworks: Null] ]] callback flags: 0 order: 2147483647 isUidTracked: true declaredMethods: AVAIL|LOSING|LOST|NC
  uid/pid:1000/21861 activeRequest: 867 callbackRequest: 866 [NetworkRequest [ REQUEST id=867, [ Capabilities: INTERNET&NOT_RESTRICTED&TRUSTED&NOT_VCN_MANAGED&NOT_BANDWIDTH_CONSTRAINED Uid: 1000 RequestorUid: 1000 RequestorPkg: com.android.systemui UnderlyingNetworks: Null] ]] callback flags: 1 order: 2147483647 isUidTracked: true declaredMethods: AVAIL|LOST|NC
  uid/pid:1000/21861 activeRequest: null callbackRequest: 868 [NetworkRequest [ LISTEN id=868, [ Capabilities: NOT_RESTRICTED&TRUSTED&NOT_VPN&NOT_VCN_MANAGED&NOT_BANDWIDTH_CONSTRAINED Forbidden: LOCAL_NETWORK Uid: 1000 RequestorUid: 1000 RequestorPkg: com.android.systemui UnderlyingNetworks: Null] ]] callback flags: 0 order: 2147483647 isUidTracked: true declaredMethods: AVAIL|LOST
  uid/pid:1000/21861 activeRequest: null callbackRequest: 869 [NetworkRequest [ LISTEN id=869, [ Transports: WIFI Capabilities: NOT_VPN Forbidden: LOCAL_NETWORK RequestorUid: 1000 RequestorPkg: com.android.systemui UnderlyingNetworks: Null] ]] callback flags: 1 order: 2147483647 isUidTracked: true declaredMethods: AVAIL|LOST|NC|LP
  uid/pid:1000/21861 activeRequest: 871 callbackRequest: 870 [NetworkRequest [ REQUEST id=871, [ Capabilities: INTERNET&NOT_RESTRICTED&TRUSTED&NOT_VCN_MANAGED&NOT_BANDWIDTH_CONSTRAINED Uid: 1000 RequestorUid: 1000 RequestorPkg: com.android.systemui UnderlyingNetworks: Null] ]] callback flags: 1 order: 2147483647 isUidTracked: true declaredMethods: AVAIL|LOST|NC|LP
  uid/pid:1000/21861 activeRequest: null callbackRequest: 873 [NetworkRequest [ LISTEN id=873, [ Transports: CELLULAR|WIFI Capabilities: NOT_VPN Forbidden: LOCAL_NETWORK RequestorUid: 1000 RequestorPkg: com.android.systemui UnderlyingNetworks: Null] ]] callback flags: 1 order: 2147483647 isUidTracked: true declaredMethods: AVAIL|LOST|NC
  uid/pid:1000/21861 activeRequest: 875 callbackRequest: 874 [NetworkRequest [ REQUEST id=875, [ Capabilities: INTERNET&NOT_RESTRICTED&TRUSTED&NOT_VCN_MANAGED&NOT_BANDWIDTH_CONSTRAINED Uid: 1000 RequestorUid: 1000 RequestorPkg: com.android.systemui UnderlyingNetworks: Null] ]] callback flags: 1 order: 2147483647 isUidTracked: true declaredMethods: AVAIL|LOST|NC
  uid/pid:1000/21861 activeRequest: 877 callbackRequest: 876 [NetworkRequest [ REQUEST id=877, [ Capabilities: INTERNET&NOT_RESTRICTED&TRUSTED&NOT_VCN_MANAGED&NOT_BANDWIDTH_CONSTRAINED Uid: 1000 RequestorUid: 1000 RequestorPkg: com.android.systemui UnderlyingNetworks: Null] ]] callback flags: 1 order: 2147483647 isUidTracked: true declaredMethods: AVAIL|LOST|NC
  uid/pid:1000/21861 activeRequest: null callbackRequest: 878 [NetworkRequest [ LISTEN id=878, [ Transports: VPN Forbidden: LOCAL_NETWORK RequestorUid: 1000 RequestorPkg: com.android.systemui UnderlyingNetworks: Null] ]] callback flags: 0 order: 2147483647 isUidTracked: true declaredMethods: AVAIL|LOST|NC|LP
  uid/pid:1000/21861 activeRequest: null callbackRequest: 880 [NetworkRequest [ LISTEN id=880, [ Forbidden: LOCAL_NETWORK RequestorUid: 1000 RequestorPkg: com.android.systemui UnderlyingNetworks: Null] ]] callback flags: 0 order: 2147483647 isUidTracked: true declaredMethods: AVAIL|LOST
  uid/pid:10183/9135 activeRequest: null callbackRequest: 881 [NetworkRequest [ LISTEN id=881, [ Capabilities: INTERNET&NOT_RESTRICTED&TRUSTED&NOT_VPN&VALIDATED&NOT_SUSPENDED&NOT_VCN_MANAGED&NOT_BANDWIDTH_CONSTRAINED Uid: 10183 RequestorUid: 10183 RequestorPkg: com.google.android.googlequicksearchbox UnderlyingNetworks: Null] ]] callback flags: 0 order: 2147483647 isUidTracked: true declaredMethods: AVAIL|LOST
  uid/pid:10183/9135 activeRequest: 883 callbackRequest: 882 [NetworkRequest [ REQUEST id=883, [ Capabilities: INTERNET&NOT_RESTRICTED&TRUSTED&NOT_VCN_MANAGED&NOT_BANDWIDTH_CONSTRAINED Uid: 10183 RequestorUid: 10183 RequestorPkg: com.google.android.googlequicksearchbox UnderlyingNetworks: Null] ]] callback flags: 0 order: 2147483647 isUidTracked: true declaredMethods: AVAIL|LOST
  uid/pid:10331/6109 activeRequest: 885 callbackRequest: 884 [NetworkRequest [ REQUEST id=885, [ Capabilities: INTERNET&NOT_RESTRICTED&TRUSTED&NOT_VCN_MANAGED&NOT_BANDWIDTH_CONSTRAINED Uid: 10331 RequestorUid: 10331 RequestorPkg: com.tencent.wework UnderlyingNetworks: Null] ]] callback flags: 0 order: 2147483647 isUidTracked: true declaredMethods: AVAIL|LOST|NC|LP
  uid/pid:10331/6109 activeRequest: null callbackRequest: 886 [NetworkRequest [ LISTEN id=886, [ Capabilities: INTERNET&NOT_RESTRICTED&TRUSTED&NOT_VCN_MANAGED&NOT_BANDWIDTH_CONSTRAINED Forbidden: LOCAL_NETWORK Uid: 10331 RequestorUid: 10331 RequestorPkg: com.tencent.wework UnderlyingNetworks: Null] ]] callback flags: 0 order: 2147483647 isUidTracked: true declaredMethods: AVAIL|LOSING|LOST|NC
  uid/pid:10307/18119 activeRequest: null callbackRequest: 894 [NetworkRequest [ LISTEN id=894, [ Capabilities: INTERNET&NOT_RESTRICTED&TRUSTED&NOT_VPN&NOT_VCN_MANAGED&NOT_BANDWIDTH_CONSTRAINED Uid: 10307 RequestorUid: 10307 RequestorPkg: com.xiaomi.smarthome UnderlyingNetworks: Null] ]] callback flags: 0 order: 2147483647 isUidTracked: true declaredMethods: AVAIL|LOST|UNAVAIL
  uid/pid:10307/18119 activeRequest: 896 callbackRequest: 895 [NetworkRequest [ REQUEST id=896, [ Capabilities: INTERNET&NOT_RESTRICTED&TRUSTED&NOT_VCN_MANAGED&NOT_BANDWIDTH_CONSTRAINED Uid: 10307 RequestorUid: 10307 RequestorPkg: com.xiaomi.smarthome UnderlyingNetworks: Null] ]] callback flags: 0 order: 2147483647 isUidTracked: true declaredMethods: AVAIL|LOST|NC
  uid/pid:10307/18119 activeRequest: null callbackRequest: 897 [NetworkRequest [ LISTEN id=897, [ Capabilities: INTERNET&NOT_RESTRICTED&TRUSTED&NOT_VPN&NOT_VCN_MANAGED&NOT_BANDWIDTH_CONSTRAINED Uid: 10307 RequestorUid: 10307 RequestorPkg: com.xiaomi.smarthome UnderlyingNetworks: Null] ]] callback flags: 0 order: 2147483647 isUidTracked: true declaredMethods: AVAIL|LOSING|LOST|UNAVAIL|NC|LP
  uid/pid:10307/18119 activeRequest: null callbackRequest: 899 [NetworkRequest [ LISTEN id=899, [ Capabilities: NOT_RESTRICTED&TRUSTED&NOT_VPN&NOT_VCN_MANAGED&NOT_BANDWIDTH_CONSTRAINED Uid: 10307 RequestorUid: 10307 RequestorPkg: com.xiaomi.smarthome UnderlyingNetworks: Null] ]] callback flags: 0 order: 2147483647 isUidTracked: true declaredMethods: AVAIL|LOST
  uid/pid:10306/27077 activeRequest: null callbackRequest: 907 [NetworkRequest [ LISTEN id=907, [ Transports: CELLULAR|WIFI Capabilities: NOT_RESTRICTED&TRUSTED&NOT_VPN&FOREGROUND&NOT_VCN_MANAGED&NOT_BANDWIDTH_CONSTRAINED Forbidden: LOCAL_NETWORK Uid: 10306 RequestorUid: 10306 RequestorPkg: bin.mt.plus UnderlyingNetworks: Null] ]] callback flags: 0 order: 2147483647 isUidTracked: true declaredMethods: AVAIL|LOST|NC
  uid/pid:10146/6315 activeRequest: null callbackRequest: 916 [NetworkRequest [ LISTEN id=916, [ Capabilities: INTERNET&NOT_RESTRICTED&TRUSTED&NOT_VPN&NOT_VCN_MANAGED&NOT_BANDWIDTH_CONSTRAINED Uid: 10146 RequestorUid: 10146 RequestorPkg: com.google.android.projection.gearhead UnderlyingNetworks: Null] ]] callback flags: 0 order: 2147483647 isUidTracked: true declaredMethods: AVAIL|LOST

Network Offers:
  NetworkOffer [ Provider Id (2) Score(Policies : EVER_EVALUATED&IS_UNMETERED ; KeepConnected : 0) Caps [ Transports: BLUETOOTH Capabilities: NOT_METERED&NOT_VPN&NOT_ROAMING&NOT_CONGESTED&NOT_SUSPENDED&NOT_VCN_MANAGED&NOT_BANDWIDTH_CONSTRAINED Specifier: <L2capNetworkSpecifier(ROLE_SERVER, HEADER_COMPRESSION_ANY, RemoteAddress=null, PSM=PSM_ANY)> ReservationId: * UnderlyingNetworks: Null] Needed by []]
  NetworkOffer [ Provider Id (2) Score(Policies : EVER_EVALUATED&IS_UNMETERED ; KeepConnected : 0) Caps [ Transports: BLUETOOTH Capabilities: NOT_METERED&NOT_VPN&NOT_ROAMING&NOT_CONGESTED&NOT_SUSPENDED&NOT_VCN_MANAGED&NOT_BANDWIDTH_CONSTRAINED Specifier: <L2capNetworkSpecifier(ROLE_CLIENT, HEADER_COMPRESSION_ANY, RemoteAddress=null, PSM=PSM_ANY)> UnderlyingNetworks: Null] Needed by []]
  NetworkOffer [ Provider Id (3) Score(Policies : TRANSPORT_PRIMARY&EVER_EVALUATED&IS_UNMETERED&EVER_VALIDATED&IS_VALIDATED ; KeepConnected : 0) Caps [ Transports: CELLULAR Capabilities: MMS&SUPL&DUN&FOTA&IMS&CBS&IA&RCS&XCAP&EIMS&INTERNET&NOT_RESTRICTED&TRUSTED&NOT_VPN&MCX&NOT_VCN_MANAGED&NOT_BANDWIDTH_CONSTRAINED UnderlyingNetworks: Null] Needed by []]
  NetworkOffer [ Provider Id (5) Score(Policies : EVER_EVALUATED&IS_INVINCIBLE&IS_UNMETERED&EVER_VALIDATED&IS_VALIDATED ; KeepConnected : 0) Caps [ Transports: CELLULAR|SATELLITE Capabilities: MMS&SUPL&DUN&FOTA&IMS&CBS&IA&RCS&XCAP&EIMS&INTERNET&NOT_RESTRICTED&TRUSTED&NOT_VPN&MCX&ENTERPRISE&VSIM&BIP&MMTEL&PRIORITIZE_LATENCY&PRIORITIZE_BANDWIDTH&NOT_BANDWIDTH_CONSTRAINED Specifier: <android.net.MatchAllNetworkSpecifier@0> EnterpriseId: 1&2&3&4&5 UnderlyingNetworks: Null] Needed by [127, 128]]
  NetworkOffer [ Provider Id (11) Score(Policies : EVER_EVALUATED&IS_UNMETERED&EVER_VALIDATED&IS_VALIDATED ; KeepConnected : 0) Caps [ Transports: SATELLITE Capabilities: DUN&FOTA&CBS&IA&RCS&XCAP&EIMS&INTERNET&NOT_RESTRICTED&TRUSTED&NOT_VPN&MCX&NOT_VCN_MANAGED&ENTERPRISE&MMTEL&PRIORITIZE_LATENCY&PRIORITIZE_BANDWIDTH&NOT_BANDWIDTH_CONSTRAINED Specifier: <TelephonyNetworkSpecifier [mSubId = 2]> EnterpriseId: 1&2&3&4&5 UnderlyingNetworks: Null] Needed by []]
  NetworkOffer [ Provider Id (10) Score(Policies : EVER_EVALUATED&IS_UNMETERED&EVER_VALIDATED&IS_VALIDATED ; KeepConnected : 0) Caps [ Transports: SATELLITE Capabilities: DUN&FOTA&CBS&IA&RCS&XCAP&EIMS&INTERNET&NOT_RESTRICTED&TRUSTED&NOT_VPN&MCX&NOT_VCN_MANAGED&ENTERPRISE&MMTEL&PRIORITIZE_LATENCY&PRIORITIZE_BANDWIDTH&NOT_BANDWIDTH_CONSTRAINED Specifier: <TelephonyNetworkSpecifier [mSubId = 1]> EnterpriseId: 1&2&3&4&5 UnderlyingNetworks: Null] Needed by []]
  NetworkOffer [ Provider Id (12) Score(Policies : EVER_EVALUATED&IS_UNMETERED&EVER_VALIDATED&IS_VALIDATED ; KeepConnected : 0) Caps [ Transports: WIFI Capabilities: NOT_METERED&INTERNET&NOT_RESTRICTED&TRUSTED&NOT_VPN&NOT_ROAMING&NOT_CONGESTED&NOT_SUSPENDED&NOT_VCN_MANAGED&NOT_BANDWIDTH_CONSTRAINED LinkUpBandwidth>=1048576Kbps LinkDnBandwidth>=1048576Kbps Specifier: <android.net.MatchAllNetworkSpecifier@0> SubscriptionIds: {1, 2} UnderlyingNetworks: Null] Needed by [210, 225, 332, 208, 234, 362, 62, 314, 345, 407, 142, 379, 95, 267, 550, 108, 877, 257, 369, 36, 376, 425, 251, 655, 191, 230, 418, 896, 70, 140, 883, 215, 38, 586, 68, 259, 565, 325, 796, 136, 360, 402, 523, 462, 497, 520, 42, 287, 383, 106, 875, 160, 203, 581, 307, 34, 75, 248, 583, 217, 867, 349, 593, 271, 416, 467, 555, 603, 206, 56, 562, 400, 438, 573, 327, 885, 219, 460, 330, 798, 358, 66, 123, 175, 193, 201, 246, 595, 285, 567, 481, 389, 171, 465, 46, 50, 44, 553, 560, 478, 32, 335, 742, 499, 64, 60, 364, 386, 527, 134, 54, 52, 517, 79, 228, 173, 88, 394, 590, 58, 410, 588, 373, 274, 40, 232, 871, 1, 77, 367, 212, 167, 420]]
  NetworkOffer [ Provider Id (13) Score(Policies : EVER_EVALUATED&IS_INVINCIBLE&IS_UNMETERED&EVER_VALIDATED&IS_VALIDATED ; KeepConnected : 0) Caps [ Transports: WIFI Capabilities: NOT_METERED&INTERNET&NOT_RESTRICTED&TRUSTED&NOT_VPN&NOT_ROAMING&NOT_CONGESTED&NOT_SUSPENDED&NOT_VCN_MANAGED&NOT_BANDWIDTH_CONSTRAINED LinkUpBandwidth>=1048576Kbps LinkDnBandwidth>=1048576Kbps Specifier: <android.net.MatchAllNetworkSpecifier@0> SubscriptionIds: {1, 2} UnderlyingNetworks: Null] Needed by [210, 225, 332, 208, 234, 362, 62, 314, 345, 407, 142, 379, 95, 267, 550, 108, 877, 257, 369, 36, 376, 425, 251, 655, 191, 230, 418, 896, 70, 140, 883, 215, 38, 586, 68, 259, 565, 325, 796, 136, 360, 402, 523, 462, 497, 520, 42, 287, 383, 106, 875, 160, 203, 581, 307, 34, 75, 248, 583, 217, 867, 349, 593, 271, 416, 467, 555, 603, 206, 56, 562, 400, 438, 573, 327, 885, 219, 460, 330, 798, 358, 66, 123, 175, 193, 201, 246, 595, 285, 567, 481, 389, 171, 465, 46, 50, 44, 553, 560, 478, 32, 335, 742, 499, 64, 60, 364, 386, 527, 134, 54, 52, 517, 79, 228, 173, 88, 394, 590, 58, 410, 588, 373, 274, 40, 232, 871, 1, 77, 367, 212, 167, 420]]
  NetworkOffer [ Provider Id (14) Score(Policies : EVER_EVALUATED&IS_INVINCIBLE&IS_UNMETERED&EVER_VALIDATED&IS_VALIDATED ; KeepConnected : 0) Caps [ Transports: WIFI Capabilities: NOT_METERED&INTERNET&TRUSTED&NOT_VPN&NOT_ROAMING&NOT_CONGESTED&NOT_SUSPENDED&NOT_VCN_MANAGED&NOT_BANDWIDTH_CONSTRAINED LinkUpBandwidth>=1048576Kbps LinkDnBandwidth>=1048576Kbps Specifier: <android.net.MatchAllNetworkSpecifier@0> SubscriptionIds: {1, 2} UnderlyingNetworks: Null] Needed by []]
  NetworkOffer [ Provider Id (15) Score(Policies : EVER_EVALUATED&IS_INVINCIBLE&IS_UNMETERED&EVER_VALIDATED&IS_VALIDATED ; KeepConnected : 0) Caps [ Transports: WIFI Capabilities: NOT_METERED&INTERNET&NOT_RESTRICTED&TRUSTED&NOT_VPN&NOT_ROAMING&NOT_CONGESTED&NOT_SUSPENDED&OEM_PAID&OEM_PRIVATE&NOT_VCN_MANAGED&NOT_BANDWIDTH_CONSTRAINED LinkUpBandwidth>=1048576Kbps LinkDnBandwidth>=1048576Kbps Specifier: <android.net.MatchAllNetworkSpecifier@0> UnderlyingNetworks: Null] Needed by [210, 225, 332, 208, 234, 362, 62, 314, 345, 407, 142, 379, 95, 267, 550, 108, 877, 257, 369, 36, 376, 425, 251, 655, 191, 230, 418, 896, 70, 140, 883, 215, 38, 586, 68, 259, 565, 325, 796, 136, 360, 402, 523, 462, 497, 520, 42, 287, 383, 106, 875, 160, 203, 581, 307, 34, 75, 248, 583, 217, 867, 349, 593, 271, 416, 467, 555, 603, 206, 56, 562, 400, 438, 573, 327, 885, 219, 460, 330, 798, 358, 66, 123, 175, 193, 201, 246, 595, 285, 567, 481, 389, 171, 465, 46, 50, 44, 553, 560, 478, 32, 335, 742, 499, 64, 60, 364, 386, 527, 134, 54, 52, 517, 79, 228, 173, 88, 394, 590, 58, 410, 588, 373, 274, 40, 232, 871, 1, 77, 367, 212, 167, 420]]
  NetworkOffer [ Provider Id (16) Score(Policies : EVER_EVALUATED&IS_INVINCIBLE&IS_UNMETERED&EVER_VALIDATED&IS_VALIDATED ; KeepConnected : 0) Caps [ Transports: WIFI Capabilities: NOT_METERED&INTERNET&NOT_RESTRICTED&TRUSTED&NOT_VPN&NOT_ROAMING&NOT_CONGESTED&NOT_SUSPENDED&NOT_VCN_MANAGED&NOT_BANDWIDTH_CONSTRAINED LinkUpBandwidth>=1048576Kbps LinkDnBandwidth>=1048576Kbps Specifier: <android.net.MatchAllNetworkSpecifier@0> UnderlyingNetworks: Null] Needed by [210, 225, 332, 208, 234, 362, 62, 314, 345, 407, 142, 379, 95, 267, 550, 108, 877, 257, 369, 36, 376, 425, 251, 655, 191, 230, 418, 896, 70, 140, 883, 215, 38, 586, 68, 259, 565, 325, 796, 136, 360, 402, 523, 462, 497, 520, 42, 287, 383, 106, 875, 160, 203, 581, 307, 34, 75, 248, 583, 217, 867, 349, 593, 271, 416, 467, 555, 603, 206, 56, 562, 400, 438, 573, 327, 885, 219, 460, 330, 798, 358, 66, 123, 175, 193, 201, 246, 595, 285, 567, 481, 389, 171, 465, 46, 50, 44, 553, 560, 478, 32, 335, 742, 499, 64, 60, 364, 386, 527, 134, 54, 52, 517, 79, 228, 173, 88, 394, 590, 58, 410, 588, 373, 274, 40, 232, 871, 1, 77, 367, 212, 167, 420]]
  NetworkOffer [ Provider Id (6) Score(Policies : EVER_EVALUATED&IS_UNMETERED&EVER_VALIDATED&IS_VALIDATED ; KeepConnected : 0) Caps [ Transports: CELLULAR Capabilities: MMS&SUPL&DUN&FOTA&IMS&CBS&IA&RCS&XCAP&EIMS&INTERNET&NOT_RESTRICTED&TRUSTED&NOT_VPN&MCX&NOT_VCN_MANAGED&ENTERPRISE&VSIM&BIP&MMTEL&PRIORITIZE_LATENCY&PRIORITIZE_BANDWIDTH&NOT_BANDWIDTH_CONSTRAINED Specifier: <TelephonyNetworkSpecifier [mSubId = 1]> EnterpriseId: 1&2&3&4&5 UnderlyingNetworks: Null] Needed by [127]]
  NetworkOffer [ Provider Id (7) Score(Policies : TRANSPORT_PRIMARY&EVER_EVALUATED&IS_UNMETERED&EVER_VALIDATED&IS_VALIDATED ; KeepConnected : 0) Caps [ Transports: CELLULAR Capabilities: MMS&SUPL&DUN&FOTA&IMS&CBS&IA&RCS&XCAP&EIMS&INTERNET&NOT_RESTRICTED&TRUSTED&NOT_VPN&MCX&NOT_VCN_MANAGED&ENTERPRISE&VSIM&BIP&MMTEL&PRIORITIZE_LATENCY&PRIORITIZE_BANDWIDTH&NOT_BANDWIDTH_CONSTRAINED Specifier: <TelephonyNetworkSpecifier [mSubId = 2]> EnterpriseId: 1&2&3&4&5 UnderlyingNetworks: Null] Needed by [210, 225, 332, 208, 234, 362, 62, 314, 345, 407, 142, 379, 95, 267, 550, 108, 877, 257, 369, 36, 376, 425, 251, 2, 655, 191, 230, 418, 554, 896, 70, 140, 883, 215, 38, 586, 68, 259, 325, 796, 136, 360, 402, 523, 462, 497, 520, 42, 287, 383, 106, 563, 875, 160, 203, 581, 307, 34, 75, 248, 583, 552, 217, 867, 349, 593, 271, 416, 467, 603, 206, 564, 56, 562, 400, 438, 573, 327, 885, 219, 460, 330, 798, 358, 66, 123, 175, 193, 128, 201, 246, 595, 285, 567, 481, 389, 171, 465, 46, 50, 44, 560, 478, 32, 335, 742, 499, 64, 60, 551, 364, 386, 527, 134, 54, 52, 517, 79, 228, 173, 88, 394, 590, 58, 410, 588, 373, 274, 40, 232, 871, 1, 77, 367, 212, 167, 420]]
  NetworkOffer [ Provider Id (8) Score(Policies : EVER_EVALUATED&IS_UNMETERED&EVER_VALIDATED&IS_VALIDATED ; KeepConnected : 0) Caps [ Transports: SATELLITE Capabilities: MMS&SUPL&DUN&FOTA&IMS&CBS&IA&RCS&XCAP&EIMS&INTERNET&NOT_RESTRICTED&TRUSTED&NOT_VPN&MCX&NOT_VCN_MANAGED&ENTERPRISE&MMTEL&PRIORITIZE_LATENCY&PRIORITIZE_BANDWIDTH&NOT_BANDWIDTH_CONSTRAINED Specifier: <TelephonyNetworkSpecifier [mSubId = 1]> EnterpriseId: 1&2&3&4&5 UnderlyingNetworks: Null] Needed by []]
  NetworkOffer [ Provider Id (9) Score(Policies : TRANSPORT_PRIMARY&EVER_EVALUATED&IS_UNMETERED&EVER_VALIDATED&IS_VALIDATED ; KeepConnected : 0) Caps [ Transports: SATELLITE Capabilities: MMS&SUPL&DUN&FOTA&IMS&CBS&IA&RCS&XCAP&EIMS&INTERNET&NOT_RESTRICTED&TRUSTED&NOT_VPN&MCX&NOT_VCN_MANAGED&ENTERPRISE&MMTEL&PRIORITIZE_LATENCY&PRIORITIZE_BANDWIDTH&NOT_BANDWIDTH_CONSTRAINED Specifier: <TelephonyNetworkSpecifier [mSubId = 2]> EnterpriseId: 1&2&3&4&5 UnderlyingNetworks: Null] Needed by []]

mLegacyTypeTracker:
  Supported types: 0 1 2 3 4 5 7 9 10 11 12 13 14 15 17
  Current state:
    0 [199 CELLULAR]


Supported Socket keepalives: [1, 3, 0, 0, 0, 0, 0, 0, 0, 0, 0]
Reserved Privileged keepalives: 2
Allowed Unprivileged keepalives per uid: 2
Socket keepalives:
AutomaticOnOff enabled: true
Events (most recent first):
  2026-09-05T00:23:28.213318 - Stop all keepalives on 216 because -20
  2026-09-05T00:22:12.089695 - Stop all keepalives on 229 because -20
  2026-09-05T00:21:19.078696 - Stop all keepalives on 228 because -20
  2026-09-05T00:19:34.052977 - Stop all keepalives on 227 because -20
  2026-09-05T00:17:32.300366 - Stop all keepalives on 226 because -20
  2026-09-05T00:16:56.509779 - Stop all keepalives on 225 because -20
  2026-09-05T00:14:38.718165 - Stop all keepalives on 224 because -20
  2026-09-05T00:14:08.055641 - Stop all keepalives on 223 because -20
  2026-09-05T00:11:56.100739 - Stop all keepalives on 222 because -20
  2026-09-05T00:11:23.001494 - Stop all keepalives on 221 because -20
  2026-09-05T00:08:42.942094 - Stop all keepalives on 220 because -20
  2026-09-05T00:07:30.454743 - Stop all keepalives on 219 because -20
  2026-09-05T00:06:04.876042 - Stop all keepalives on 218 because -20
  2026-09-05T00:04:49.688816 - Stop all keepalives on 217 because -20
  2026-09-05T00:03:27.329904 - Stop all keepalives on 215 because -20
  2026-09-05T00:01:52.472417 - Stop all keepalives on 214 because -20
  2026-09-05T00:00:43.016534 - Stop all keepalives on 213 because -20
  2026-09-04T23:58:44.020319 - Stop all keepalives on 212 because -20
  2026-09-04T23:57:27.958367 - Stop all keepalives on 211 because -20
  2026-09-04T23:54:38.634977 - Stop all keepalives on 210 because -20
  2026-09-04T23:54:32.904724 - Stop all keepalives on 209 because -20
  2026-09-04T23:51:42.839654 - Stop all keepalives on 208 because -20
  2026-09-04T23:48:57.782842 - Stop all keepalives on 207 because -20
  2026-09-04T23:46:17.716408 - Stop all keepalives on 206 because -20
  2026-09-04T23:46:08.951731 - Stop all keepalives on 205 because -20
  2026-09-04T23:43:39.664120 - Stop all keepalives on 204 because -20
  2026-09-04T23:40:45.897613 - Stop all keepalives on 203 because -20
  2026-09-04T23:39:33.017140 - Stop all keepalives on 202 because -20
  2026-09-04T23:38:10.224307 - Stop all keepalives on 201 because -20
  2026-09-04T23:35:32.138358 - Stop all keepalives on 200 because -20
  2026-09-04T23:34:57.915233 - Stop all keepalives on 198 because -20
  2026-09-04T23:32:57.044987 - Stop all keepalives on 197 because -20
  2026-09-04T23:32:43.606644 - Stop all keepalives on 196 because -20
  2026-09-04T23:31:22.857233 - Stop all keepalives on 195 because -20
  2026-09-04T23:31:21.519066 - Stop all keepalives on 100 because -20
  2026-09-04T23:30:01.535167 - Stop all keepalives on 194 because -20
  2026-09-04T23:28:07.825132 - Stop all keepalives on 193 because -20
  2026-09-04T23:27:16.482031 - Stop all keepalives on 192 because -20
  2026-09-04T23:25:12.780632 - Stop all keepalives on 191 because -20
  2026-09-04T23:24:36.440861 - Stop all keepalives on 190 because -20

KeepaliveStatsTracker enabled: true
  # android.net.connectivity.com.android.metrics.DailykeepaliveInfoReported@ad20a83d
  duration_per_num_of_keepalive {
    duration_for_num_of_keepalive {
      keepalive_active_durations_msec: 16495276
      keepalive_registered_durations_msec: 16495276
    }
  }
  keepalive_lifetime_per_carrier {
  }

Bad Wi-Fi avoidance: unrestricted

DestroySockets:
  mDestroyFrozenSockets=true
  mDelayDestroySockets=true
  mDestroySocketPendingUids:
Bpf Program Status:
  CGROUP_INET_INGRESS: 18
  CGROUP_INET_EGRESS: 19
  CGROUP_INET_SOCK_CREATE: 25
  CGROUP_INET4_BIND: 27
  CGROUP_INET6_BIND: 28
  CGROUP_INET4_CONNECT: 29
  CGROUP_INET6_CONNECT: 30
  CGROUP_UDP4_SENDMSG: 33
  CGROUP_UDP6_SENDMSG: 34
  CGROUP_UDP4_RECVMSG: 31
  CGROUP_UDP6_RECVMSG: 32
  CGROUP_GETSOCKOPT: 35
  CGROUP_SETSOCKOPT: 36
  CGROUP_INET_SOCK_RELEASE: 26

CarrierPrivilegeAuthenticator:
mRequestRestrictedWifiEnabled = true
Logical slot = 0 : uid = -1 : subId = -1
Logical slot = 1 : uid = -1 : subId = -1


mNetworkRequestInfoLogs (most recent first):
  2026-09-05T00:23:28.232856 - RELEASE uid/pid:1073/5078 activeRequest: null callbackRequest: 893 [NetworkRequest [ LISTEN id=893, [ Forbidden: LOCAL_NETWORK RequestorUid: 1073 RequestorPkg: com.google.android.networkstack.tethering UnderlyingNetworks: Null] ]] callback flags: 0 order: 2147483647 isUidTracked: false declaredMethods: AVAIL|LOST|NC|LP
  2026-09-05T00:23:16.694219 - RELEASE uid/pid:1000/2793 activeRequest: 921 callbackRequest: 921 [NetworkRequest [ REQUEST id=921, [ Transports: CELLULAR Capabilities: SUPL&NOT_RESTRICTED&TRUSTED&NOT_VPN&NOT_BANDWIDTH_CONSTRAINED Forbidden: LOCAL_NETWORK Uid: 1000 RequestorUid: 1000 RequestorPkg: android UnderlyingNetworks: Null] ]] callback flags: 0 order: 2147483647 isUidTracked: false declaredMethods: AVAIL|LOST|UNAVAIL|LP
  2026-09-05T00:23:16.690293 - REGISTER uid/pid:1000/2793 activeRequest: null callbackRequest: 921 [NetworkRequest [ REQUEST id=921, [ Transports: CELLULAR Capabilities: SUPL&NOT_RESTRICTED&TRUSTED&NOT_VPN&NOT_BANDWIDTH_CONSTRAINED Forbidden: LOCAL_NETWORK Uid: 1000 RequestorUid: 1000 RequestorPkg: android UnderlyingNetworks: Null] ]] callback flags: 0 order: 2147483647 isUidTracked: true declaredMethods: AVAIL|LOST|UNAVAIL|LP
  2026-09-05T00:22:16.095152 - RELEASE uid/pid:1000/2793 activeRequest: null callbackRequest: 920 [NetworkRequest [ LISTEN id=920, [ Forbidden: LOCAL_NETWORK RequestorUid: 1000 RequestorPkg: android UnderlyingNetworks: Null] ]] callback flags: 0 order: 2147483647 isUidTracked: false declaredMethods: AVAIL|LOST|NC|LP
  2026-09-05T00:22:04.592744 - REGISTER uid/pid:1000/2793 activeRequest: null callbackRequest: 920 [NetworkRequest [ LISTEN id=920, [ Forbidden: LOCAL_NETWORK RequestorUid: 1000 RequestorPkg: android UnderlyingNetworks: Null] ]] callback flags: 0 order: 2147483647 isUidTracked: true declaredMethods: AVAIL|LOST|NC|LP
  2026-09-05T00:21:58.146514 - RELEASE uid/pid:1000/2793 activeRequest: null callbackRequest: 911 [NetworkRequest [ LISTEN id=911, [ Forbidden: LOCAL_NETWORK RequestorUid: 1000 RequestorPkg: android UnderlyingNetworks: Null] ]] callback flags: 0 order: 2147483647 isUidTracked: false declaredMethods: AVAIL|LOST|NC|LP
  2026-09-05T00:20:27.053611 - RELEASE uid/pid:10192/18702 activeRequest: 918 callbackRequest: 917 [NetworkRequest [ REQUEST id=918, [ Capabilities: INTERNET&NOT_RESTRICTED&TRUSTED&NOT_VCN_MANAGED&NOT_BANDWIDTH_CONSTRAINED Uid: 10192 RequestorUid: 10192 RequestorPkg: com.android.chrome UnderlyingNetworks: Null] ]] callback flags: 0 order: 2147483647 isUidTracked: false declaredMethods: AVAIL|LOST|NC|LP
  2026-09-05T00:20:27.051349 - RELEASE uid/pid:10192/18702 activeRequest: null callbackRequest: 919 [NetworkRequest [ LISTEN id=919, [ Capabilities: INTERNET&NOT_RESTRICTED&TRUSTED&FOREGROUND&NOT_VCN_MANAGED&NOT_BANDWIDTH_CONSTRAINED Uid: 10192 RequestorUid: 10192 RequestorPkg: com.android.chrome UnderlyingNetworks: Null] ]] callback flags: 0 order: 2147483647 isUidTracked: false declaredMethods: AVAIL|LOSING|LOST|NC
  2026-09-05T00:20:05.611435 - RELEASE uid/pid:10330/17748 activeRequest: 913 callbackRequest: 912 [NetworkRequest [ REQUEST id=913, [ Capabilities: INTERNET&NOT_RESTRICTED&TRUSTED&NOT_VCN_MANAGED&NOT_BANDWIDTH_CONSTRAINED Uid: 10330 RequestorUid: 10330 RequestorPkg: com.openai.chatgpt UnderlyingNetworks: Null] ]] callback flags: 0 order: 2147483647 isUidTracked: false declaredMethods: AVAIL|LOST|UNAVAIL|NC
  2026-09-05T00:20:05.604906 - RELEASE uid/pid:10330/17748 activeRequest: 915 callbackRequest: 914 [NetworkRequest [ REQUEST id=915, [ Capabilities: INTERNET&NOT_RESTRICTED&TRUSTED&NOT_VCN_MANAGED&NOT_BANDWIDTH_CONSTRAINED Uid: 10330 RequestorUid: 10330 RequestorPkg: com.openai.chatgpt UnderlyingNetworks: Null] ]] callback flags: 0 order: 2147483647 isUidTracked: false declaredMethods: AVAIL|LOST|UNAVAIL|NC
  2026-09-05T00:20:05.537686 - REGISTER uid/pid:10192/18702 activeRequest: null callbackRequest: 919 [NetworkRequest [ LISTEN id=919, [ Capabilities: INTERNET&NOT_RESTRICTED&TRUSTED&FOREGROUND&NOT_VCN_MANAGED&NOT_BANDWIDTH_CONSTRAINED Uid: 10192 RequestorUid: 10192 RequestorPkg: com.android.chrome UnderlyingNetworks: Null] ]] callback flags: 0 order: 2147483647 isUidTracked: true declaredMethods: AVAIL|LOSING|LOST|NC
  2026-09-05T00:20:05.530832 - REGISTER uid/pid:10192/18702 activeRequest: null callbackRequest: 917 [NetworkRequest [ REQUEST id=918, [ Capabilities: INTERNET&NOT_RESTRICTED&TRUSTED&NOT_VCN_MANAGED&NOT_BANDWIDTH_CONSTRAINED Uid: 10192 RequestorUid: 10192 RequestorPkg: com.android.chrome UnderlyingNetworks: Null] ]] callback flags: 0 order: 2147483647 isUidTracked: true declaredMethods: AVAIL|LOST|NC|LP
  2026-09-05T00:16:43.308527 - REGISTER uid/pid:10146/6315 activeRequest: null callbackRequest: 916 [NetworkRequest [ LISTEN id=916, [ Capabilities: INTERNET&NOT_RESTRICTED&TRUSTED&NOT_VPN&NOT_VCN_MANAGED&NOT_BANDWIDTH_CONSTRAINED Uid: 10146 RequestorUid: 10146 RequestorPkg: com.google.android.projection.gearhead UnderlyingNetworks: Null] ]] callback flags: 0 order: 2147483647 isUidTracked: true declaredMethods: AVAIL|LOST
  2026-09-05T00:14:57.082037 - REGISTER uid/pid:10330/17748 activeRequest: null callbackRequest: 914 [NetworkRequest [ REQUEST id=915, [ Capabilities: INTERNET&NOT_RESTRICTED&TRUSTED&NOT_VCN_MANAGED&NOT_BANDWIDTH_CONSTRAINED Uid: 10330 RequestorUid: 10330 RequestorPkg: com.openai.chatgpt UnderlyingNetworks: Null] ]] callback flags: 0 order: 2147483647 isUidTracked: true declaredMethods: AVAIL|LOST|UNAVAIL|NC
  2026-09-05T00:14:57.076161 - REGISTER uid/pid:10330/17748 activeRequest: null callbackRequest: 912 [NetworkRequest [ REQUEST id=913, [ Capabilities: INTERNET&NOT_RESTRICTED&TRUSTED&NOT_VCN_MANAGED&NOT_BANDWIDTH_CONSTRAINED Uid: 10330 RequestorUid: 10330 RequestorPkg: com.openai.chatgpt UnderlyingNetworks: Null] ]] callback flags: 0 order: 2147483647 isUidTracked: true declaredMethods: AVAIL|LOST|UNAVAIL|NC
  2026-09-05T00:13:19.969574 - REGISTER uid/pid:1000/2793 activeRequest: null callbackRequest: 911 [NetworkRequest [ LISTEN id=911, [ Forbidden: LOCAL_NETWORK RequestorUid: 1000 RequestorPkg: android UnderlyingNetworks: Null] ]] callback flags: 0 order: 2147483647 isUidTracked: true declaredMethods: AVAIL|LOST|NC|LP
  2026-09-05T00:13:06.957146 - RELEASE uid/pid:10200/17747 activeRequest: 910 callbackRequest: 909 [NetworkRequest [ REQUEST id=910, [ Capabilities: INTERNET&NOT_RESTRICTED&TRUSTED&NOT_VCN_MANAGED&NOT_BANDWIDTH_CONSTRAINED Uid: 10200 RequestorUid: 10200 RequestorPkg: com.google.android.gm UnderlyingNetworks: Null] ]] callback flags: 0 order: 2147483647 isUidTracked: false declaredMethods: AVAIL|LOST|NC|BLK
  2026-09-05T00:13:04.376045 - REGISTER uid/pid:10200/17747 activeRequest: null callbackRequest: 909 [NetworkRequest [ REQUEST id=910, [ Capabilities: INTERNET&NOT_RESTRICTED&TRUSTED&NOT_VCN_MANAGED&NOT_BANDWIDTH_CONSTRAINED Uid: 10200 RequestorUid: 10200 RequestorPkg: com.google.android.gm UnderlyingNetworks: Null] ]] callback flags: 0 order: 2147483647 isUidTracked: true declaredMethods: AVAIL|LOST|NC|BLK
  2026-09-05T00:11:08.034652 - RELEASE uid/pid:1000/2793 activeRequest: 908 callbackRequest: 908 [NetworkRequest [ REQUEST id=908, [ Transports: CELLULAR Capabilities: SUPL&NOT_RESTRICTED&TRUSTED&NOT_VPN&NOT_BANDWIDTH_CONSTRAINED Forbidden: LOCAL_NETWORK Uid: 1000 RequestorUid: 1000 RequestorPkg: android UnderlyingNetworks: Null] ]] callback flags: 0 order: 2147483647 isUidTracked: false declaredMethods: AVAIL|LOST|UNAVAIL|LP
  2026-09-05T00:11:08.025046 - REGISTER uid/pid:1000/2793 activeRequest: null callbackRequest: 908 [NetworkRequest [ REQUEST id=908, [ Transports: CELLULAR Capabilities: SUPL&NOT_RESTRICTED&TRUSTED&NOT_VPN&NOT_BANDWIDTH_CONSTRAINED Forbidden: LOCAL_NETWORK Uid: 1000 RequestorUid: 1000 RequestorPkg: android UnderlyingNetworks: Null] ]] callback flags: 0 order: 2147483647 isUidTracked: true declaredMethods: AVAIL|LOST|UNAVAIL|LP

mNetworkInfoBlockingLogs (most recent first):
  2026-09-05T00:23:16.664879 - BLOCKED 10414(335) on netId 199: 46
  2026-09-05T00:23:16.664701 - BLOCKED 10399(349) on netId 199: 6
  2026-09-05T00:23:16.664670 - BLOCKED 10399(75) on netId 199: 6
  2026-09-05T00:23:16.664628 - BLOCKED 10385(360) on netId 199: 46
  2026-09-05T00:23:16.664563 - BLOCKED 10379(160) on netId 199: 42
  2026-09-05T00:23:16.664505 - BLOCKED 10374(345) on netId 199: 46
  2026-09-05T00:23:16.664441 - BLOCKED 10363(34) on netId 199: 42
  2026-09-05T00:23:16.664326 - BLOCKED 10330(402) on netId 199: 46
  2026-09-05T00:23:16.664106 - BLOCKED 10327(499) on netId 199: 46
  2026-09-05T00:23:16.664089 - BLOCKED 10327(497) on netId 199: 46
  2026-09-05T00:23:16.663897 - BLOCKED 10327(201) on netId 199: 46
  2026-09-05T00:23:16.663753 - BLOCKED 10304(217) on netId 199: 42
  2026-09-05T00:23:16.663675 - BLOCKED 10240(38) on netId 199: 46
  2026-09-05T00:23:16.663608 - BLOCKED 10239(40) on netId 199: 46
  2026-09-05T00:23:16.663398 - BLOCKED 10236(481) on netId 199: 42
  2026-09-05T00:23:16.663378 - BLOCKED 10236(478) on netId 199: 42
  2026-09-05T00:23:16.663085 - BLOCKED 10236(460) on netId 199: 42
  2026-09-05T00:23:16.662769 - BLOCKED 10228(590) on netId 199: 42
  2026-09-05T00:23:16.662721 - BLOCKED 10228(42) on netId 199: 42
  2026-09-05T00:23:16.662668 - BLOCKED 10219(369) on netId 199: 42
  2026-09-05T00:23:16.662570 - BLOCKED 10200(50) on netId 199: 42
  2026-09-05T00:23:16.662523 - BLOCKED 10192(603) on netId 199: 42
  2026-09-05T00:23:16.662349 - BLOCKED 10183(418) on netId 199: 42
  2026-09-05T00:23:16.662281 - BLOCKED 10183(416) on netId 199: 42
  2026-09-05T00:23:16.662181 - BLOCKED 10183(325) on netId 199: 42
  2026-09-05T00:23:16.662155 - BLOCKED 10183(285) on netId 199: 42
  2026-09-05T00:23:16.661949 - BLOCKED 10177(383) on netId 199: 42
  2026-09-05T00:23:16.661924 - BLOCKED 10177(251) on netId 199: 42
  2026-09-05T00:23:16.661855 - BLOCKED 10176(287) on netId 199: 42
  2026-09-05T00:23:16.661793 - BLOCKED 10172(267) on netId 199: 2
  2026-09-05T00:23:16.661705 - BLOCKED 10169(54) on netId 199: 42
  2026-09-05T00:23:16.661661 - BLOCKED 10164(586) on netId 199: 42
  2026-09-05T00:23:16.661569 - BLOCKED 10163(58) on netId 199: 42
  2026-09-05T00:23:16.661523 - BLOCKED 10162(330) on netId 199: 42
  2026-09-05T00:23:16.661443 - BLOCKED 10155(271) on netId 199: 2
  2026-09-05T00:23:16.661319 - BLOCKED 10134(62) on netId 199: 2
  2026-09-05T00:23:16.661247 - BLOCKED 10114(219) on netId 199: 42
  2026-09-05T00:23:16.661073 - BLOCKED 10107(64) on netId 199: 42
  2026-09-05T00:23:04.090113 - BLOCKED 10330(402) on netId 199: 44
  2026-09-05T00:22:36.133014 - BLOCKED 10176(287) on netId 199: 40

NetTransition WakeLock activity (most recent first):
  total acquisitions: 2
  total releases: 2
  cumulative duration: 2s
  longest duration: 1s
  2026-09-04T23:32:58.607261 - RELEASE: already released (EVENT_CLEAR_NET_TRANSITION_WAKELOCK)
  2026-09-04T23:32:58.188858 - RELEASE (EVENT_CLEAR_NET_TRANSITION_WAKELOCK)
  2026-09-04T23:32:57.052978 - ACQUIRE for [197 CELLULAR]
  2026-09-04T23:31:23.006963 - RELEASE: already released (EVENT_CLEAR_NET_TRANSITION_WAKELOCK)
  2026-09-04T23:31:22.588262 - RELEASE (EVENT_CLEAR_NET_TRANSITION_WAKELOCK)
  2026-09-04T23:31:21.524084 - ACQUIRE for [100 CELLULAR]
  
  bandwidth update requests (by uid):

mOemNetworkPreferencesLogs (most recent first):


Permission Monitor:
  Interface filtering rules:
  
  Lockdown filtering rules:
  
  Update logs:
    2026-09-04T23:55:41.002591 - Package add: uid=10366, nPerm=(NONE/NONE)
    2026-09-04T23:55:41.002466 - Package add: uid=10366, tPerm=NONE
    2026-09-04T23:55:40.972895 - Package remove: uid=10366, nPerm=(NONE/NONE)
    2026-09-04T23:55:40.972767 - Package remove: uid=10366, tPerm=NONE
    2026-09-04T23:55:18.124857 - Package add: uid=10366, nPerm=(NONE/NONE)
    2026-09-04T23:55:18.124734 - Package add: uid=10366, tPerm=NONE
    2026-09-04T23:55:18.074313 - Package remove: uid=10366, nPerm=(NONE/NONE)
    2026-09-04T23:55:18.074156 - Package remove: uid=10366, tPerm=NONE
    2026-09-04T23:33:28.576492 - Package add: uid=10366, nPerm=(NONE/NONE)
    2026-09-04T23:33:28.573799 - Package add: uid=10366, tPerm=NONE
    2026-09-04T23:33:28.544011 - Package remove: uid=10366, nPerm=(NONE/NONE)
    2026-09-04T23:33:28.543724 - Package remove: uid=10366, tPerm=NONE
    2026-09-04T21:26:16.999785 - Package add: uid=10346, nPerm=(NONE/NONE)
    2026-09-04T21:26:16.999524 - Package add: uid=10346, tPerm=INTERNET
    2026-09-04T19:48:42.961589 - New user(0) added: networkPerm uids={1000=2, 1001=2, 1002=1, 1073=2, 2000=2, 6100=1, 6101=1, 6110=1, 10103=2, 10122=2, 10130=2, 10135=2, 10146=1, 10147=1, 10155=1, 10157=1, 10159=2, 10167=1, 10169=1, 10172=1, 10177=2, 10178=1, 10180=1, 10183=1, 10184=2, 10191=1, 10200=1, 10204=1, 10206=1, 10209=1, 10213=1, 10214=1, 10216=1, 10228=1, 10231=1, 10250=1, 10255=1, 10256=2, 10296=2, 10299=1, 10300=1, 10307=1, 10310=1, 10314=1, 10320=1, 10321=1, 10323=1, 10324=1, 10325=1, 10326=1, 10329=1, 10330=1, 10331=1, 10334=1, 10342=1, 10351=1, 10352=1, 10355=1, 10356=1, 10357=1, 10359=1, 10360=1, 10365=1, 10371=1, 10372=1, 10373=1, 10375=1, 10377=1, 10380=1, 10381=1, 10382=1, 10383=1, 10384=1, 10385=1, 10388=1, 10392=1, 10394=1, 10396=1, 10405=1, 10413=1, 10422=1, 20103=2, 20122=2, 20130=2, 20135=2, 20146=1, 20147=1, 20155=1, 20157=1, 20159=2, 20167=1, 20169=1, 20172=1, 20177=2, 20178=1, 20180=1, 20183=1, 20184=2, 20191=1, 20200=1, 20204=1, 20206=1, 20209=1, 20213=1, 20214=1, 20216=1, 20228=1, 20231=1, 20250=1, 20255=1, 20256=2, 20296=2, 20299=1, 20300=1, 20307=1, 20310=1, 20314=1, 20320=1, 20321=1, 20323=1, 20324=1, 20325=1, 20326=1, 20329=1, 20330=1, 20331=1, 20334=1, 20342=1, 20351=1, 20352=1, 20355=1, 20356=1, 20357=1, 20359=1, 20360=1, 20365=1, 20371=1, 20372=1, 20373=1, 20375=1, 20377=1, 20380=1, 20381=1, 20382=1, 20383=1, 20384=1, 20385=1, 20388=1, 20392=1, 20394=1, 20396=1, 20405=1, 20413=1, 20422=1}, trafficPerm uids={1000=2, 1001=2, 1002=2, 1013=2, 1027=0, 1041=6, 1047=6, 1068=4, 1073=2, 2000=2, 6100=2, 6101=0, 6102=2, 6110=0, 6120=0, 10000=4, 10001=4, 10002=4, 10003=4, 10004=4, 10005=4, 10006=4, 10007=4, 10008=4, 10009=4, 10010=4, 10011=4, 10012=4, 10013=4, 10014=4, 10015=4, 10016=4, 10017=4, 10018=4, 10019=4, 10020=4, 10021=4, 10022=4, 10023=4, 10024=4, 10025=4, 10026=4, 10027=4, 10028=4, 10029=4, 10030=4, 10031=4, 10032=4, 10033=4, 10034=4, 10035=4, 10036=4, 10037=4, 10038=4, 10039=4, 10040=4, 10041=4, 10042=4, 10043=4, 10044=4, 10045=4, 10046=4, 10047=4, 10048=4, 10049=4, 10050=4, 10051=4, 10052=4, 10053=4, 10054=4, 10055=4, 10056=4, 10057=4, 10058=4, 10059=4, 10060=4, 10061=4, 10062=4, 10063=4, 10064=4, 10065=4, 10066=4, 10067=4, 10068=4, 10069=4, 10070=4, 10071=4, 10072=4, 10073=4, 10074=4, 10075=4, 10076=4, 10077=4, 10078=4, 10079=4, 10080=4, 10081=4, 10082=4, 10083=4, 10084=4, 10085=4, 10086=4, 10087=4, 10088=4, 10089=4, 10090=4, 10091=4, 10092=4, 10093=4, 10094=4, 10095=4, 10096=4, 10097=4, 10098=0, 10099=4, 10100=0, 10101=4, 10102=4, 10103=2, 10104=4, 10105=4, 10106=4, 10107=0, 10108=4, 10109=0, 10110=4, 10111=0, 10112=4, 10113=4, 10114=0, 10115=4, 10116=4, 10117=0, 10118=4, 10119=4, 10120=4, 10121=4, 10122=0, 10123=4, 10124=4, 10125=4, 10126=0, 10127=4, 10128=0, 10129=4, 10130=0, 10131=4, 10132=4, 10133=4, 10134=0, 10135=0, 10136=4, 10137=4, 10138=4, 10139=4, 10140=0, 10141=4, 10142=0, 10143=4, 10144=4, 10145=0, 10146=0, 10147=4, 10148=0, 10149=4, 10150=0, 10151=4, 10152=0, 10153=4, 10154=0, 10155=0, 10156=4, 10157=0, 10158=0, 10159=2, 10160=4, 10161=0, 10162=2, 10163=0, 10164=0, 10165=0, 10167=2, 10168=0, 10169=0, 10170=4, 10171=4, 10172=2, 10173=4, 10174=0, 10175=0, 10176=0, 10177=0, 10178=0, 10179=0, 10180=0, 10181=0, 10182=0, 10183=0, 10184=0, 10185=4, 10186=2, 10187=0, 10188=4, 10189=4, 10190=4, 10191=0, 10192=0, 10193=0, 10194=0, 10195=0, 10196=0, 10197=2, 10198=0, 10199=0, 10200=0, 10201=4, 10202=0, 10203=0, 10204=0, 10205=2, 10206=0, 10207=0, 10208=0, 10209=0, 10210=4, 10211=4, 10212=0, 10213=0, 10214=0, 10215=0, 10216=0, 10217=0, 10218=4, 10219=0, 10220=4, 10221=0, 10222=0, 10223=4, 10224=4, 10225=4, 10226=4, 10227=4, 10228=0, 10229=4, 10230=4, 10231=0, 10232=4, 10233=4, 10234=0, 10236=0, 10237=0, 10239=0, 10240=0, 10242=4, 10243=4, 10244=4, 10245=0, 10246=0, 10247=4, 10248=4, 10249=4, 10250=4, 10251=4, 10252=4, 10253=0, 10254=4, 10255=0, 10256=0, 10257=4, 10258=4, 10259=4, 10260=4, 10261=4, 10262=0, 10263=4, 10264=0, 10265=4, 10266=4, 10267=4, 10268=4, 10269=4, 10270=4, 10271=4, 10272=4, 10273=4, 10274=4, 10275=4, 10276=4, 10277=6, 10278=4, 10279=4, 10280=4, 10281=0, 10282=0, 10283=0, 10284=4, 10285=4, 10286=4, 10287=0, 10288=4, 10289=4, 10290=0, 10291=0, 10292=0, 10293=0, 10294=4, 10295=4, 10296=0, 10297=4, 10298=4, 10299=4, 10300=0, 10301=4, 10302=0, 10303=0, 10304=0, 10305=0, 10306=0, 10307=0, 10308=0, 10309=4, 10310=0, 10311=0, 10312=0, 10313=0, 10314=0, 10315=0, 10316=0, 10317=0, 10318=0, 10319=0, 10320=0, 10321=0, 10322=0, 10323=0, 10324=0, 10325=0, 10326=0, 10327=0, 10328=4, 10329=0, 10330=0, 10331=0, 10332=0, 10333=0, 10334=0, 10335=4, 10336=4, 10337=0, 10338=0, 10339=0, 10340=4, 10341=4, 10342=0, 10343=0, 10344=4, 10345=4, 10348=0, 10349=0, 10350=0, 10351=0, 10352=0, 10353=0, 10355=0, 10356=0, 10357=0, 10358=0, 10359=0, 10360=0, 10361=0, 10362=0, 10363=0, 10364=4, 10365=0, 10366=4, 10367=4, 10368=0, 10369=0, 10370=4, 10371=0, 10372=0, 10373=0, 10374=0, 10375=0, 10376=0, 10377=0, 10378=0, 10379=0, 10380=0, 10381=0, 10382=0, 10383=0, 10384=2, 10385=0, 10386=0, 10387=0, 10388=0, 10390=0, 10392=0, 10394=0, 10396=0, 10397=4, 10399=0, 10403=4, 10405=0, 10406=4, 10411=0, 10413=0, 10414=0, 10415=4, 10418=0, 10420=4, 10422=0, 10426=4, 10428=0, 20000=4, 20001=4, 20002=4, 20003=4, 20004=4, 20005=4, 20006=4, 20007=4, 20008=4, 20009=4, 20010=4, 20011=4, 20012=4, 20013=4, 20014=4, 20015=4, 20016=4, 20017=4, 20018=4, 20019=4, 20020=4, 20021=4, 20022=4, 20023=4, 20024=4, 20025=4, 20026=4, 20027=4, 20028=4, 20029=4, 20030=4, 20031=4, 20032=4, 20033=4, 20034=4, 20035=4, 20036=4, 20037=4, 20038=4, 20039=4, 20040=4, 20041=4, 20042=4, 20043=4, 20044=4, 20045=4, 20046=4, 20047=4, 20048=4, 20049=4, 20050=4, 20051=4, 20052=4, 20053=4, 20054=4, 20055=4, 20056=4, 20057=4, 20058=4, 20059=4, 20060=4, 20061=4, 20062=4, 20063=4, 20064=4, 20065=4, 20066=4, 20067=4, 20068=4, 20069=4, 20070=4, 20071=4, 20072=4, 20073=4, 20074=4, 20075=4, 20076=4, 20077=4, 20078=4, 20079=4, 20080=4, 20081=4, 20082=4, 20083=4, 20084=4, 20085=4, 20086=4, 20087=4, 20088=4, 20089=4, 20090=4, 20091=4, 20092=4, 20093=4, 20094=4, 20095=4, 20096=4, 20097=4, 20098=0, 20099=4, 20100=0, 20101=4, 20102=4, 20103=2, 20104=4, 20105=4, 20106=4, 20107=0, 20108=4, 20109=0, 20110=4, 20111=0, 20112=4, 20113=4, 20114=0, 20115=4, 20116=4, 20117=0, 20118=4, 20119=4, 20120=4, 20121=4, 20122=0, 20123=4, 20124=4, 20125=4, 20126=0, 20127=4, 20128=0, 20129=4, 20130=0, 20131=4, 20132=4, 20133=4, 20134=0, 20135=0, 20136=4, 20137=4, 20138=4, 20139=4, 20140=0, 20141=4, 20142=0, 20143=4, 20144=4, 20145=0, 20146=0, 20147=4, 20148=0, 20149=4, 20150=0, 20151=4, 20152=0, 20153=4, 20154=0, 20155=0, 20156=4, 20157=0, 20158=0, 20159=2, 20160=4, 20161=0, 20162=2, 20163=0, 20164=0, 20165=0, 20167=2, 20168=0, 20169=0, 20170=4, 20171=4, 20172=2, 20173=4, 20174=0, 20175=0, 20176=0, 20177=0, 20178=0, 20179=0, 20180=0, 20181=0, 20182=0, 20183=0, 20184=0, 20185=4, 20186=2, 20187=0, 20188=4, 20189=4, 20190=4, 20191=0, 20192=0, 20193=0, 20194=0, 20195=0, 20196=0, 20197=2, 20198=0, 20199=0, 20200=0, 20201=4, 20202=0, 20203=0, 20204=0, 20205=2, 20206=0, 20207=0, 20208=0, 20209=0, 20210=4, 20211=4, 20212=0, 20213=0, 20214=0, 20215=0, 20216=0, 20217=0, 20218=4, 20219=0, 20220=4, 20221=0, 20222=0, 20223=4, 20224=4, 20225=4, 20226=4, 20227=4, 20228=0, 20229=4, 20230=4, 20231=0, 20232=4, 20233=4, 20234=0, 20236=0, 20237=0, 20239=0, 20240=0, 20242=4, 20243=4, 20244=4, 20245=0, 20246=0, 20247=4, 20248=4, 20249=4, 20250=4, 20251=4, 20252=4, 20253=0, 20254=4, 20255=0, 20256=0, 20257=4, 20258=4, 20259=4, 20260=4, 20261=4, 20262=0, 20263=4, 20264=0, 20265=4, 20266=4, 20267=4, 20268=4, 20269=4, 20270=4, 20271=4, 20272=4, 20273=4, 20274=4, 20275=4, 20276=4, 20277=6, 20278=4, 20279=4, 20280=4, 20281=0, 20282=0, 20283=0, 20284=4, 20285=4, 20286=4, 20287=0, 20288=4, 20289=4, 20290=0, 20291=0, 20292=0, 20293=0, 20294=4, 20295=4, 20296=0, 20297=4, 20298=4, 20299=4, 20300=0, 20301=4, 20302=0, 20303=0, 20304=0, 20305=0, 20306=0, 20307=0, 20308=0, 20309=4, 20310=0, 20311=0, 20312=0, 20313=0, 20314=0, 20315=0, 20316=0, 20317=0, 20318=0, 20319=0, 20320=0, 20321=0, 20322=0, 20323=0, 20324=0, 20325=0, 20326=0, 20327=0, 20328=4, 20329=0, 20330=0, 20331=0, 20332=0, 20333=0, 20334=0, 20335=4, 20336=4, 20337=0, 20338=0, 20339=0, 20340=4, 20341=4, 20342=0, 20343=0, 20344=4, 20345=4, 20348=0, 20349=0, 20350=0, 20351=0, 20352=0, 20353=0, 20355=0, 20356=0, 20357=0, 20358=0, 20359=0, 20360=0, 20361=0, 20362=0, 20363=0, 20364=4, 20365=0, 20366=4, 20367=4, 20368=0, 20369=0, 20370=4, 20371=0, 20372=0, 20373=0, 20374=0, 20375=0, 20376=0, 20377=0, 20378=0, 20379=0, 20380=0, 20381=0, 20382=0, 20383=0, 20384=2, 20385=0, 20386=0, 20387=0, 20388=0, 20390=0, 20392=0, 20394=0, 20396=0, 20397=4, 20399=0, 20403=4, 20405=0, 20406=4, 20411=0, 20413=0, 20414=0, 20415=4, 20418=0, 20420=4, 20422=0, 20426=4, 20428=0}

AppOptInDefaultNetworkController:
  Role-Sms Uids: {0={10184}}
  Opt-In Uids: {10159, 10184}
  OttSlicingUids: {}
  Log:
  2026-09-04T19:48:42.976930 - SmsRoleUids:{10184} Opt-InUids:{10159, 10184} ott-uids:{}
  2026-09-04T19:48:42.976867 - Add SatelliteDataOptInUids for user UserHandle{0}: {10159, 10184}

SatelliteCoarseUsageMetricsCollector:
  Reported usage {rxBytes=0, txBytes=0}

SatisfiedByLocalNetworkMetrics: {LISTEN={1073=1, 10159=6, 10307=1, 10334=1, 10385=1}}

Legacy network activity:
  mTrackMultiNetworkActivities=true
  mDefaultCellularDataInactivityTimeout=10
  mDefaultWifiDataInactivityTimeout=15
  mIsDefaultNetworkActive=true
  mDefaultNetwork=199
  Idle timers:
    199:
      timeout=10 type=0
  WiFi active networks: {}
  Cellular active networks: {199}

Close QUIC connection: true
Registered QUIC connection close information: 0

Multicast routing supported: false
Background firewall chain enabled: true
IngressToVpnAddressFiltering: true
mIsOttNetworkSlicingEnabled: true

===== tun =====
meta      Link encap:UNSPEC  
          inet addr:198.18.0.1  P-t-P:198.18.0.1  Mask:255.255.255.252 
          UP POINTOPOINT RUNNING NOARP MULTICAST  MTU:9000  Metric:1
          RX packets:207448 errors:0 dropped:0 overruns:0 frame:0 
          TX packets:153508 errors:0 dropped:0 overruns:0 carrier:0 
          collisions:0 txqueuelen:500 
          RX bytes:211936830 TX bytes:46571434 


===== mangle =====
Chain PREROUTING (policy ACCEPT 752K packets, 822M bytes)
 pkts bytes target     prot opt in     out     source               destination         

Chain INPUT (policy ACCEPT 695K packets, 788M bytes)
 pkts bytes target     prot opt in     out     source               destination         
 695K  788M connmark_mangle_INPUT  all  --  *      *       0.0.0.0/0            0.0.0.0/0           
 695K  788M wakeupctrl_mangle_INPUT  all  --  *      *       0.0.0.0/0            0.0.0.0/0           
 695K  788M routectrl_mangle_INPUT  all  --  *      *       0.0.0.0/0            0.0.0.0/0           

Chain FORWARD (policy ACCEPT 57355 packets, 34M bytes)
 pkts bytes target     prot opt in     out     source               destination         
57355   34M tetherctrl_mangle_FORWARD  all  --  *      *       0.0.0.0/0            0.0.0.0/0           

Chain OUTPUT (policy ACCEPT 604K packets, 253M bytes)
 pkts bytes target     prot opt in     out     source               destination         
 604K  253M connmark_mangle_OUTPUT  all  --  *      *       0.0.0.0/0            0.0.0.0/0           

Chain POSTROUTING (policy ACCEPT 661K packets, 288M bytes)
 pkts bytes target     prot opt in     out     source               destination         
 661K  288M qcom_htimer_POSTROUTING  all  --  *      *       0.0.0.0/0            0.0.0.0/0           
 661K  288M oem_mangle_post  all  --  *      *       0.0.0.0/0            0.0.0.0/0           
 661K  288M bw_mangle_POSTROUTING  all  --  *      *       0.0.0.0/0            0.0.0.0/0           
 661K  288M idletimer_mangle_POSTROUTING  all  --  *      *       0.0.0.0/0            0.0.0.0/0           
 661K  288M qcom_qos_reset_POSTROUTING  all  --  *      *       0.0.0.0/0            0.0.0.0/0           
 661K  288M qcom_qos_filter_POSTROUTING  all  --  *      *       0.0.0.0/0            0.0.0.0/0           

Chain bw_mangle_POSTROUTING (1 references)
 pkts bytes target     prot opt in     out     source               destination         
    0     0 RETURN     all  --  *      ipsec+  0.0.0.0/0            0.0.0.0/0           
    0     0 RETURN     all  --  *      *       0.0.0.0/0            0.0.0.0/0            policy match dir out pol ipsec
 661K  288M MARK       all  --  *      *       0.0.0.0/0            0.0.0.0/0            MARK and 0xffefffff
 661K  288M            all  --  *      *       0.0.0.0/0            0.0.0.0/0           match bpf pinned /sys/fs/bpf/netd_shared/prog_netd_skfilter_egress_xtbpf

Chain connmark_mangle_INPUT (1 references)
 pkts bytes target     prot opt in     out     source               destination         
 374K  417M CONNMARK   all  --  *      *       0.0.0.0/0            0.0.0.0/0            connmark match  0x0/0xfffff CONNMARK save mask 0xfffff

Chain connmark_mangle_OUTPUT (1 references)
 pkts bytes target     prot opt in     out     source               destination         
 344K   93M CONNMARK   all  --  *      *       0.0.0.0/0            0.0.0.0/0            connmark match  0x0/0xfffff CONNMARK save mask 0xfffff

Chain idletimer_mangle_POSTROUTING (1 references)
 pkts bytes target     prot opt in     out     source               destination         
57522   12M IDLETIMER  all  --  *      rmnet_data5  0.0.0.0/0            0.0.0.0/0            timeout:10 label:199 send_nl_msg

Chain nm_mdmprxy_mngl_post (0 references)
 pkts bytes target     prot opt in     out     source               destination         

Chain oem_mangle_post (1 references)
 pkts bytes target     prot opt in     out     source               destination         

Chain qcom_0x000001f5.5 (1 references)
 pkts bytes target     prot opt in     out     source               destination         
 4938 1181K MARK       all  --  *      *       0.0.0.0/0            0.0.0.0/0            MARK set 0x1f5

Chain qcom_MIW_wapper (0 references)
 pkts bytes target     prot opt in     out     source               destination         

Chain qcom_htimer_POSTROUTING (1 references)
 pkts bytes target     prot opt in     out     source               destination         

Chain qcom_qos_filter_POSTROUTING (1 references)
 pkts bytes target     prot opt in     out     source               destination         
 4938 1181K qcom_0x000001f5.5  all  --  *      rmnet_data5  0.0.0.0/0            0.0.0.0/0           [goto] 

Chain qcom_qos_reset_POSTROUTING (1 references)
 pkts bytes target     prot opt in     out     source               destination         
 338K   71M MARK       all  --  *      rmnet_data+  0.0.0.0/0            0.0.0.0/0            MARK and 0x0

Chain routectrl_mangle_INPUT (1 references)
 pkts bytes target     prot opt in     out     source               destination         
    0     0 MARK       all  --  rmnet_data0 *       0.0.0.0/0            0.0.0.0/0            MARK xset 0xf0001/0x7fefffff
57758   53M MARK       all  --  rmnet_data5 *       0.0.0.0/0            0.0.0.0/0            MARK xset 0x300c7/0x7fefffff

Chain tc_idletimer (0 references)
 pkts bytes target     prot opt in     out     source               destination         

Chain tc_limiter_OUTPUT (0 references)
 pkts bytes target     prot opt in     out     source               destination         

Chain tc_wmm (0 references)
 pkts bytes target     prot opt in     out     source               destination         

Chain tetherctrl_mangle_FORWARD (1 references)
 pkts bytes target     prot opt in     out     source               destination         
 2199  132K TCPMSS     6    --  *      *       0.0.0.0/0            0.0.0.0/0            tcp flags:0x02/0x02 TCPMSS clamp to PMTU

Chain wakeupctrl_mangle_INPUT (1 references)
 pkts bytes target     prot opt in     out     source               destination         
    0     0 NFLOG      all  --  rmnet_data5 *       0.0.0.0/0            0.0.0.0/0            mark match 0x80000000/0x80000000 limit: avg 10/sec burst 5 nflog-prefix "858104188941:rmnet_data5" nflog-group 3 nflog-threshold 8

===== nat =====
Chain PREROUTING (policy ACCEPT 2853 packets, 189K bytes)
 pkts bytes target     prot opt in     out     source               destination         
 2853  189K oem_nat_pre  all  --  *      *       0.0.0.0/0            0.0.0.0/0           

Chain INPUT (policy ACCEPT 1560 packets, 97104 bytes)
 pkts bytes target     prot opt in     out     source               destination         

Chain OUTPUT (policy ACCEPT 19047 packets, 1884K bytes)
 pkts bytes target     prot opt in     out     source               destination         
23390 2143K mihomo-output  all  --  *      *       0.0.0.0/0            0.0.0.0/0           

Chain POSTROUTING (policy ACCEPT 21819 packets, 2056K bytes)
 pkts bytes target     prot opt in     out     source               destination         
24776 2242K tetherctrl_nat_POSTROUTING  all  --  *      *       0.0.0.0/0            0.0.0.0/0           

Chain mihomo-output (1 references)
 pkts bytes target     prot opt in     out     source               destination         
 4445  268K REDIRECT   6    --  *      meta    0.0.0.0/0            0.0.0.0/0            redir ports 39143

Chain nm_mdmprxy_masquerade_skip (0 references)
 pkts bytes target     prot opt in     out     source               destination         

Chain oem_nat_pre (1 references)
 pkts bytes target     prot opt in     out     source               destination         

Chain qcom_nat_POSTROUTING_MIW (0 references)
 pkts bytes target     prot opt in     out     source               destination         
    0     0 MASQUERADE  all  --  *      miw_oem0  0.0.0.0/0            0.0.0.0/0           

Chain tetherctrl_nat_POSTROUTING (1 references)
 pkts bytes target     prot opt in     out     source               destination         

===== health probe =====
interface=meta
gateway=
source=198.18.0.1
probe=OK
